PO Number,Supplier,Creditor,Date,Due Date,Job Number,Description,Net Amount,Tax Amount,Total Amount,Status,Tags,Created At,Created By
PO100003,Corbets Parts & Industrial,,22/02/2024,,,"Parts and oils for Mick 684 International
Various materials

Sterny to pick up",0.0,0.0,0.0,processed,"",22/02/2024 09:57,Troy
PO100004,REPCO AUTO PARTS,,22/02/2024,,,Parts,27.86,2.79,30.65,paid,"",22/02/2024 10:22,Troy
PO100005,TOOWOOMBA TRUCK SPARES,,22/02/2024,,,RBY Throttle position sensor,184.09,18.41,202.5,processed,"",22/02/2024 12:18,Troy
PO100006,YOKOHAMA TYRE AUST PTY LTD,,22/02/2024,,,"",1693.08,169.31,1862.39,processed,"",22/02/2024 13:17,Troy
PO100007,Western Truck Group,,23/02/2024,,,Please supply the following. To be freighted out on Darling Downs Freight Service. We have an account - TMT Industrial pty ltd / Wandoan Tyreright,4137.23,413.72,4550.95,processed,"",23/02/2024 10:34,Troy
PO100008,REPCO Chinchilla,,23/02/2024,,,,196.51,19.65,216.16,processed,"",23/02/2024 11:21,Troy
PO100009,Western Truck Group,,26/02/2024,28/02/2024,,"water pump and gasket for
RBY HV024",1597.0,159.7,1756.7,paid,"",26/02/2024 08:48,Kieran Smith
PO100010,TOP TYRES AUSTRAILIA PTY LTD,,26/02/2024,28/02/2024,,one franna tyre for decmil,0.0,0.0,0.0,processed,"",26/02/2024 15:34,Kieran Smith
PO100012,Western Truck Group,,27/02/2024,,,Header tank for Volvo FM12 RBY HV004 Rego 774TNF ASAP on Darling downs freight service,482.02,48.2,530.22,paid,"",27/02/2024 08:36,Troy
PO100013,Western Truck Group,,27/02/2024,29/02/2024,,service kits and parts for hv007 rby truck  773tnf,0.0,0.0,0.0,processed,"",27/02/2024 09:01,Kieran Smith
PO100014,TOOWOOMBA TRUCK SPARES,,27/02/2024,29/02/2024,,"service kit and parts for hv017
xq34mr",0.0,0.0,0.0,processed,"",27/02/2024 09:02,Kieran Smith
PO100015,TOOWOOMBA TRUCK SPARES,,27/02/2024,29/02/2024,,fire extingisha,0.0,0.0,0.0,processed,"",27/02/2024 09:45,Kieran Smith
PO100016,Western Truck Group,,28/02/2024,01/03/2024,54710,"Water separator filter base/sensor
UD 
Rego XB47DA
Send parts to 7 Zupp RD Wandoan QLD 4419 on DDFS TMT Industrial account",327.12,32.71,359.83,paid,"",28/02/2024 11:11,Kieran Smith
PO100017,EXCLUSIVE TYRES,,28/02/2024,,54712,,1397.6,139.76,1537.36,paid,"",28/02/2024 12:56,Troy
PO100018,REPCO Chinchilla,,28/02/2024,,54718,,49.25,4.93,54.18,paid,"",28/02/2024 18:21,Troy
PO100019,TOOWOOMBA TRUCK SPARES,,29/02/2024,03/03/2024,54699,"24 inch by 18 inch whit mudflap x 2
Rear RH marker plate red/amber 600mm by 150mm",62.11,6.21,68.32,paid,"",29/02/2024 10:10,Kieran Smith
PO100020,process systems,,01/03/2024,,,3x dn80 valves for water tanker RBY,825.0,82.5,907.5,paid,"",01/03/2024 14:41,Kieran Smith
PO100021,HASTINGS DEERING,,04/03/2024,,,Parts,834.44,83.44,917.88,processed,"",04/03/2024 08:05,David Smith
PO100022,EARTHMOVING EQUIPMENT AUSTRALIA,,04/03/2024,,,Parts order,267.43,26.74,294.17,paid,"",04/03/2024 09:13,David Smith
PO100023,Western Truck Group,,04/03/2024,05/03/2024,54676,"12 front crankshaft bolts for front balancer 
Rego 774TNF
Volvo FM 
Please use DDFS to 7 Zupp Road Wandoan 4419",55.92,5.59,61.51,paid,"",04/03/2024 13:41,David Smith
PO100024,Power Crank,,04/03/2024,,,supply new battery's,3745.67,374.57,4120.24,paid,"",04/03/2024 13:56,David Smith
PO100026,REPCO Chinchilla,,05/03/2024,,,"Hpp exhaust wrap black
RBY HV004",55.0,5.5,60.5,paid,"",05/03/2024 09:46,David Smith
PO100027,REPCO Chinchilla,,05/03/2024,,,"Rego 840IQ7
3"" exhaust dpf back
Delivered to 1 Miller Court Moranbah",1276.09,127.61,1403.7,paid,"",05/03/2024 13:59,David Smith
PO100028,YOKOHAMA TYRE AUST PTY LTD,,05/03/2024,,,supply 1x tyre,225.52,22.55,248.07,paid,"",05/03/2024 14:06,David Smith
PO100029,BLACK TOYOTA,,05/03/2024,,,"ago vires blower fan motor
rego 422YVH",443.84,44.38,488.22,paid,"",05/03/2024 15:05,David Smith
PO100030,AUSTRALIAN TYRE TRADERS,,05/03/2024,,54780,,2840.0,284.0,3124.0,paid,"",05/03/2024 17:02,Troy
PO100021/1,HASTINGS DEERING,,04/03/2024,,,Parts,396.36,39.64,436.0,paid,"",07/03/2024 12:28,David Smith
PO100031,TYRES 4U,,07/03/2024,,,"2x 245/75R17 giti at70
andrew",506.0,50.6,556.6,paid,"",07/03/2024 16:46,David Smith
PO100032,AUSTRALIAN TYRE TRADERS,,11/03/2024,,54827,40 x sent to Dysart - Lot 3 Dysart Bypass Rd Dysart,23440.0,2344.0,25784.0,paid,"",11/03/2024 08:04,Troy
PO100035,REPCO Chinchilla,,12/03/2024,,,"Craig cook 
nissan pathfinder rego 003FV4
2x rear upper trailing arms",44.55,4.46,49.01,paid,"",12/03/2024 14:16,David Smith
PO100036,Savcom,,12/03/2024,,,"two drums of oil for stock
1x 205 15W40
1x 205 5W30
1x box of rust penetrant",2635.72,263.57,2899.29,paid,"",12/03/2024 14:19,Kieran Smith
PO100037,TOOWOOMBA TRUCK SPARES,,13/03/2024,,,"2018 western star
Rego XB42HQ
1x eaton gearshifter seal kit
2x side tipping switches stainless steel
1x Radiator cap 16kpa pressure
1x western star bonnet hook for hold down strap
1x left rear wheel speed sensor
1x EBS multi volt long tail suzi coil
10x 1/4 push fit to 1/4 BSP tapper air fitting",617.81,61.78,679.59,paid,"",13/03/2024 08:35,David Smith
PO100038,TOP TYRES AUSTRAILIA PTY LTD,,13/03/2024,,,"1x (K2158516C)   215/85R16c 120L TL KR-100 KENDA

ASAP DDFS",160.0,16.0,176.0,paid,"",13/03/2024 11:27,David Smith
PO100039,TOOWOOMBA TRUCK SPARES,,13/03/2024,,,"Kenworth T610
Rego XQ49SP

Left & right rear marker plates red/amber 600mm long x 150mm wide
1x Roadside mudguard black 630mm or MG650 black
1x Kenworth meritor rear axel drum brake shoe kit
1x Kenworth meritor rear axel auto slack adjuster
4x lower shock rubber mount kits

Please send ASAP DDFS",641.0,64.1,705.1,paid,"",13/03/2024 11:45,David Smith
PO100040,REPCO Chinchilla,,13/03/2024,,,"toyota hilux
rego-350bs5

2x setsrear tail lights led
1x LED globes",34.5,3.45,37.95,paid,"",13/03/2024 13:44,Kieran Smith
PO100041,TOOWOOMBA TRUCK SPARES,,13/03/2024,,54862,,296.54,29.65,326.19,paid,"",13/03/2024 13:53,David Smith
PO100042,TOP TYRES AUSTRAILIA PTY LTD,,14/03/2024,,,"staines ptp
implement tyre",284.0,28.4,312.4,paid,"",14/03/2024 12:05,Kieran Smith
PO100043,TOP TYRES AUSTRAILIA PTY LTD,,14/03/2024,,,"gorge stuart
2x 2657015 tyres for fitting next fourtnight",256.0,25.6,281.6,paid,"",14/03/2024 16:45,Kieran Smith
PO100045,HASTINGS DEERING,,15/03/2024,,,parts from cat for RBY roller CS76 and 930H Loader,994.78,99.48,1094.26,paid,"",15/03/2024 10:17,Kieran Smith
PO100046,REPCO Chinchilla,,15/03/2024,,,Z418 filters for stock,110.0,11.0,121.0,paid,"",15/03/2024 10:30,Kieran Smith
PO100047,Western Truck Group,,15/03/2024,,,Parts for RBY Volvo HV007,18.51,1.85,20.36,paid,"",15/03/2024 11:18,Kieran Smith
PO100048,REPCO Chinchilla,,18/03/2024,,,"1x R2593P 
Send asap ddfs",35.75,3.58,39.33,paid,"",18/03/2024 09:26,Troy
PO100050,AUSSIE POWERSPORTS,,18/03/2024,,,"Ian Atkins
Kotani Mongerls
2x 27-11-14
2x 27-9-14",999.07,99.91,1098.98,paid,"",18/03/2024 11:15,David Smith
PO100051,REPCO Chinchilla,,18/03/2024,,,"2x 10 pack R534LL
2x 10 pack Stop/park light Globes",68.0,6.8,74.8,paid,"",18/03/2024 11:55,David Smith
PO100052,TOP TYRES AUSTRAILIA PTY LTD,,18/03/2024,,,"jim busiko

3x 265/70R17 kenda AT2",546.0,54.6,600.6,paid,"",18/03/2024 12:15,Kieran Smith
PO100053,Trailers R Us,,18/03/2024,,,"Scientific Pest Control
Tandem Trailer Parts 487 UQO
4 x Rocker Roller Springs
2 x 50mm U-bolt kits
1 x Heavy duty jockey wheel",782.73,78.27,861.0,paid,"",18/03/2024 12:49,David Smith
PO100054,EXCLUSIVE TYRES,,18/03/2024,,,2x 265/65R17 Cooper ATT XL,464.82,46.48,511.3,paid,"",18/03/2024 14:04,David Smith
PO100045/1,HASTINGS DEERING,,15/03/2024,,,parts from cat for RBY roller CS76 and 930H Loader,476.19,47.62,523.81,paid,"",18/03/2024 15:03,Kieran Smith
PO100045/2,HASTINGS DEERING,,15/03/2024,,,parts from cat for RBY roller CS76 and 930H Loader,1677.23,167.72,1844.95,paid,"",18/03/2024 15:05,Kieran Smith
PO100055,TOP TYRES AUSTRAILIA PTY LTD,,18/03/2024,,,"yakatoon

1x 26x11.00R14 BKT",192.0,19.2,211.2,paid,"",18/03/2024 15:43,Kieran Smith
PO100056,MICHELIN AUSTRALIA PTY LTD,,19/03/2024,,,"Nutrien and stanbroke

2x 265/65R17 BFG KO2
2x 235/85R16 BFG KO2",760.71,76.07,836.78,paid,"",19/03/2024 08:10,Kieran Smith
PO100057,Power Crank,,19/03/2024,,,"12N24-4SMF x1
please send out on ddfs freight asap",63.26,6.33,69.59,paid,"",19/03/2024 14:04,Kieran Smith
PO100058,Power Crank,,20/03/2024,,,"2x 12N-24-4SMF
3x STX-30L

Please send aspa DDFS",494.68,49.47,544.15,paid,"",20/03/2024 09:24,David Smith
PO100059,REPCO Chinchilla,,20/03/2024,,,"Russell Steadman 
1x RSK3C",138.0,13.8,151.8,paid,"",20/03/2024 11:08,David Smith
PO100060,REPCO Chinchilla,,20/03/2024,,,"Wandoan Accom Park
Rego 810IHR
1x Clutch kit (R20059)
1x Rear Main Seal (97467G)",318.0,31.8,349.8,paid,"",20/03/2024 11:38,David Smith
PO100061,Western Truck Group,,20/03/2024,,,"Rego 773TNF

1x upper front clerance light amber
1x front right hand corner led indicator",712.37,71.24,783.61,paid,"",20/03/2024 12:02,David Smith
PO100062,TOOWOOMBA TRUCK SPARES,,20/03/2024,,,"Rego XQ49SP
Kenworth T610

Cummings engine service kit (oil and fuel)",128.16,12.82,140.98,paid,"",20/03/2024 12:04,David Smith
PO100063,REPCO Chinchilla,,20/03/2024,,,"Stock
6x RSK31C
1x Box 6mm wiper blades Rubber with steel inserts",460.0,46.0,506.0,paid,"",20/03/2024 12:07,David Smith
PO100064,TYRES 4U,,21/03/2024,,,"T7W Transport

Wynstar 315/80R22.5 WYNSTAR D588A 157/154G",400.0,40.0,440.0,paid,"",21/03/2024 09:23,David Smith
PO100066,REPCO Chinchilla,,21/03/2024,,,7x R2777P,259.0,25.9,284.9,paid,"",21/03/2024 09:31,David Smith
PO100067,REPCO Chinchilla,,21/03/2024,,,"Stock
4x brake clean (MT200/20)",300.8,30.08,330.88,paid,"",21/03/2024 11:29,David Smith
PO100068,REPCO Chinchilla,,21/03/2024,,,"workshop
1x RT31215 double ended spanner 13 & 14mm",19.77,1.98,21.75,paid,"",21/03/2024 12:13,David Smith
PO100069,TOP TYRES AUSTRAILIA PTY LTD,,21/03/2024,,,2657017 x2 kenda,364.0,36.4,400.4,paid,"",21/03/2024 12:16,Kieran Smith
PO100070,TOP TYRES AUSTRAILIA PTY LTD,,22/03/2024,,,tubes,330.0,33.0,363.0,paid,"",22/03/2024 13:57,Kieran Smith
PO100072,SEATS R US,,25/03/2024,,,rby roller seat,2329.0,232.9,2561.9,paid,"",25/03/2024 08:58,Troy
PO100073,Power Crank,,25/03/2024,,,"Red arc BC/DC Charger, Solar panel, Lithium battery 110 amp

Dan has purchased these items from Townsville Power Crank batteries to fit to Toyota Landcruiser ute.",1236.26,123.63,1359.89,paid,"",25/03/2024 11:36,Troy
PO100074,TYRES 4U,,25/03/2024,,,One 245/45r18 tyre for Jacob,98.1,9.81,107.91,paid,"",25/03/2024 13:51,Troy
PO100076,REMA TIP TOP AUSTRALIA PTY LTD,,25/03/2024,,,balck sealant for parkside,242.4,24.24,266.64,paid,"",25/03/2024 15:02,Kieran Smith
PO100077,REPCO Chinchilla,,25/03/2024,,,uni and filter for andrew elling,105.75,10.58,116.33,paid,"",25/03/2024 15:55,Kieran Smith
PO100078,HASTINGS DEERING,,26/03/2024,28/03/2024,,"Parts for RBY 930H Cat Loader
Quote number 2070510077

1 x Injector Line 3368177
1 x Injector Line 3368178
6 x Injector sleeve seal 5178243
1 x Gasket 3096664
1 x Drive belt-8k 2884641",836.35,83.64,919.99,paid,"",26/03/2024 12:21,Kieran Smith
PO100080,Corbets Parts & Industrial,,27/03/2024,,,"RBY 930H Loader Filter

1 x P55110 Fuel Water Separator (replaces factory filter as it has been changed to aftermarket and no bowl to fit original filter)",49.11,4.91,54.02,billed,"",27/03/2024 09:04,Kieran Smith
PO100081,BSC MOTION TECHNOLOGY,,27/03/2024,,,"Williose

2 x V-Belt Gates XL 10A0900",18.18,1.82,20.0,paid,"",27/03/2024 14:18,Kieran Smith
PO100082,HASTINGS DEERING,,28/03/2024,,,RBY LOADER 3X ORINGS FOR INJECTR,33.03,3.3,36.33,paid,"",28/03/2024 11:21,Kieran Smith
PO100083,MICHELIN AUSTRALIA PTY LTD,,28/03/2024,,,"LITTLE, 2X 2456018",481.8,48.18,529.98,paid,"",28/03/2024 11:42,Kieran Smith
PO100084,AUSTRALIAN TYRE TRADERS,,28/03/2024,,,40 ATT106 315/80r22.5 drive tyres to be delivered to Dysart,23440.0,2344.0,25784.0,paid,"",28/03/2024 16:01,Troy
PO100085,TECHKING AUSTRALIA,,28/03/2024,,,"50 x 11r cheap trailer tyres, 10 x 385/65r22.5 steers delivered to Dysart please. Vandamme",15950.0,1595.0,17545.0,paid,"",28/03/2024 16:04,Troy
PO100086,TYRES 4U,,02/04/2024,,,38565225 x2,1351.8,135.18,1486.98,paid,"",02/04/2024 08:19,Kieran Smith
PO100087,REPCO Chinchilla,,02/04/2024,,,"Mazda Bravo
Rego 810IHR

1x clutch master cyl MCFD003
1x Slave cyl KSC4179

Please send asap DDFS",79.0,7.9,86.9,paid,"",02/04/2024 08:36,David Smith
PO100088,REPCO Chinchilla,,02/04/2024,,,"Stock

10x 12v H4 globes
6x 12v H11 globes
6x 12v HB3 globes",100.0,10.0,110.0,paid,"",02/04/2024 09:26,David Smith
PO100090,Power Crank,,02/04/2024,,,"Please supply
2x STX14-BS
2x STX14AH-BS
4x DIN66HSMF
2x n120r
2x n200r",1795.76,179.58,1975.34,paid,"",02/04/2024 15:10,David Smith
Amcor,TYRES 4U,,02/04/2024,,55044,"
20x 11r RR99 double coins
4x double coin drive RLB1 11r22.5
2x R680 steers 295/80r22.5

",5700.0,570.0,6270.0,paid,"",02/04/2024 18:46,Troy Tompkins
PO100092,REPCO Chinchilla,,03/04/2024,,,1x 20ltr ATF LV trans oil,186.0,18.6,204.6,paid,"",03/04/2024 09:17,David Smith
PO100088/1,REPCO Chinchilla,,02/04/2024,,,"Stock

10x 12v H4 globes
6x 12v H11 globes
6x 12v HB3 globes",132.0,13.2,145.2,paid,"",03/04/2024 09:56,David Smith
PO100093,SCOOTER CITY,,03/04/2024,,,"Ray Harth
4x 300-4 scooter tyres
4x 300-4 tubes tr87",260.0,26.0,286.0,paid,"",03/04/2024 11:27,David Smith
PO100094,REPCO Chinchilla,,03/04/2024,,,"1x rsk40c
sam budd",105.0,10.5,115.5,paid,"",03/04/2024 13:31,Kieran Smith
PO100096,DYNAMIC WHEELS,,03/04/2024,,,"Len Davey
1x 16x7 black sunrasia rim",57.0,5.7,62.7,paid,"",03/04/2024 14:32,David Smith
Amcor/1,TYRES 4U,,02/04/2024,,55044,"
20x 11r RR99 double coins
4x double coin drive RLB1 11r22.5
2x R680 steers 295/80r22.5

",375.0,37.5,412.5,paid,"",04/04/2024 09:35,Troy Tompkins
Amcor/2,TYRES 4U,,02/04/2024,,55044,"
20x 11r RR99 double coins
4x double coin drive RLB1 11r22.5
2x R680 steers 295/80r22.5

",892.5,89.25,981.75,paid,"",04/04/2024 09:37,Troy Tompkins
PO100097,TOP TYRES AUSTRAILIA PTY LTD,,04/04/2024,,,"Brian Bradley

4x 205/70R15 linglong",300.0,30.0,330.0,paid,"",04/04/2024 12:43,David Smith
PO100098,TYRES 4U,,08/04/2024,,,"Dave Smith
4x 225/55R16 dynamo",302.0,30.2,332.2,paid,"",08/04/2024 07:47,David Smith
PO100099,Nutrien,,08/04/2024,,,"RBY

25x25 box steel",31.9,3.19,35.09,paid,"",08/04/2024 09:55,David Smith
PO100100,BLACK TOYOTA,,08/04/2024,,,"QGC
rego 783ZBX

1x brake pedal switch",54.98,5.5,60.48,paid,"",08/04/2024 10:29,David Smith
PO100101,REPCO Chinchilla,,08/04/2024,,,"Char Meekin
Ford territory 
Rego 031KDI

1x front brake pads bendix DB1473GCT
1x Rear brake pads Bendix DB1675GCT",123.0,12.3,135.3,paid,"",08/04/2024 11:34,David Smith
PO100102,Bridgestone Australia,,08/04/2024,,,12x 2656517 697,3115.32,311.53,3426.85,paid,"",08/04/2024 12:07,David Smith
PO100103,BLACK TOYOTA,,08/04/2024,,,"Sternie Ute
1x set rear lovells shockies pn#64612492",429.0,42.9,471.9,paid,"",08/04/2024 14:27,David Smith
PO100040/1,REPCO Chinchilla,,13/03/2024,,,"toyota hilux
rego-350bs5

2x setsrear tail lights led
1x LED globes",208.0,20.8,228.8,paid,"",08/04/2024 14:40,Kieran Smith
PO100040/2,REPCO Chinchilla,,13/03/2024,,,"toyota hilux
rego-350bs5

2x setsrear tail lights led
1x LED globes",256.0,25.6,281.6,paid,"",08/04/2024 14:42,Kieran Smith
PO100104,AUSTRALIAN TYRE TRADERS,,09/04/2024,,,8x 11225 haulmax 312,3040.0,304.0,3344.0,paid,"",09/04/2024 09:05,Kieran Smith
PO100105,REPCO Chinchilla,,09/04/2024,,,"Stock
3x bag large zip ties 7.2x400mm
3x bags zip ties small 4.6x400mm
2x bags zip ties extra small 2x100mm",1.3,0.13,1.43,paid,"",09/04/2024 10:36,David Smith
PO100106,TOOWOOMBA TRUCK SPARES,,09/04/2024,,,"Stock
6x 1/4 to 1/4 Bulk Head Brass Fittings For Tipping Lines",145.5,14.55,160.05,paid,"",09/04/2024 10:38,David Smith
PO100107,REPCO Chinchilla,,09/04/2024,,,"Randell
2x narva tail lights (narva 94202)",206.0,20.6,226.6,paid,"",09/04/2024 12:06,David Smith
PO100108,Western Truck Group,,09/04/2024,,,"RBY volvo 773-TNF
1x R/H indicator light pn# 82355684",176.28,17.63,193.91,paid,"",09/04/2024 12:58,David Smith
PO100109,TOOWOOMBA TRUCK SPARES,,09/04/2024,,,"Roller Rego 78652C
1x Outta air filter AF4748K
1x inner air filter P11-9410
1x fuel filter FF42000
1x fuel/water separator FS1280
1x oil fliter LF3349",104.76,10.48,115.24,paid,"",09/04/2024 13:06,David Smith
PO100110,REPCO Chinchilla,,09/04/2024,,,"Roller Rego 7852C

1x 12volt cigerette lighter plug dual plus usb",34.5,3.45,37.95,paid,"",09/04/2024 13:08,David Smith
PO100111,Porter Equipment Australia Pty Ltd,,09/04/2024,,,"RBY Roller Rego 78652C
1x cab filter 08920481A
1x cab filter 89200472A (1070372016)",51.7,5.17,56.87,paid,"",09/04/2024 13:14,David Smith
PO100112,TOOWOOMBA TRUCK SPARES,,10/04/2024,,,"1x Air guage weight scale-manual not electrical
2x female trailer coupling with female thread 1/2 inch
2x male trailer coupling with female thread 1/2 inch",527.06,52.71,579.77,paid,"",10/04/2024 08:02,David Smith
PO100113,TOP TYRES AUSTRAILIA PTY LTD,,10/04/2024,,,1x 23525,3058.0,305.8,3363.8,paid,"",10/04/2024 12:35,Kieran Smith
PO100116,HASTINGS DEERING,,10/04/2024,,,service kit for rby rollerrl019,67.14,6.71,73.85,paid,"",10/04/2024 15:27,Kieran Smith
PO100117,REPCO Chinchilla,,10/04/2024,,,"1x   x902719
filter kit",94.0,9.4,103.4,paid,"",10/04/2024 16:41,Kieran Smith
PO100118,TOOWOOMBA TRUCK SPARES,,11/04/2024,,,"RBY TR006
2x landing legs",530.91,53.09,584.0,paid,"",11/04/2024 14:00,David Smith
PO100119,Power Crank,,11/04/2024,,,"Please send ASAP DDFS
4x N150R",1321.8,132.18,1453.98,paid,"",11/04/2024 15:00,David Smith
PO100120,Power Crank,,11/04/2024,,,"Stock Send asap DDFS
2x EXSN120RSMF",422.78,42.28,465.06,paid,"",11/04/2024 15:21,David Smith
PO100121,REPCO Chinchilla,,12/04/2024,,,"Randell Ute
Ford Ranger
Rego 437-HE9
1x Lockable fuel cap",31.09,3.11,34.2,paid,"",12/04/2024 08:16,David Smith
PO100123,REPCO Chinchilla,,12/04/2024,,,"Rusty Class
Jeep Grand Cherokee
Rego 859IP5
1x left engine mount
1x right engine mount",840.0,84.0,924.0,paid,"",12/04/2024 08:40,David Smith
PO100124,REPCO Chinchilla,,12/04/2024,,,"1x ryco z443 oil filter
for Tricia smart's suzuki sift that is booked in for a service on tuesday the 16th of april.",20.5,2.05,22.55,paid,"",12/04/2024 08:47,Kieran Smith
PO100125,Power Crank,,15/04/2024,,,"Stock
6x N70ZZMSMF
10x EXSNX120-7SMF",2500.1,250.01,2750.11,paid,"",15/04/2024 10:01,David Smith
PO100126,Savcom,,15/04/2024,,,stock,1883.84,188.38,2072.22,paid,"",15/04/2024 10:31,Kieran Smith
PO100127,TOP TYRES AUSTRAILIA PTY LTD,,15/04/2024,,,"1x 23525 bkt
fb drilling",3058.0,305.8,3363.8,paid,"",15/04/2024 11:45,Kieran Smith
PO100128,Power Crank,,15/04/2024,,,"Stock
4x NS70LSMF",457.0,45.7,502.7,paid,"",15/04/2024 15:41,David Smith
PO100129,REPCO Chinchilla,,16/04/2024,,,"Fleet Plus
Toyota Hi-lux
Rego 998ZKK

2x Rear Leaf Springs",498.0,49.8,547.8,paid,"",16/04/2024 15:57,David Smith
PO100130,REPCO Chinchilla,,17/04/2024,,,"QGC
Rego 998ZKK

1x Nolath Pn # NEK32 Suspension bush kit",103.0,10.3,113.3,paid,"",17/04/2024 08:14,David Smith
PO100131,TYREMAX,,17/04/2024,,,"Origan Peat

2x 26565R17 Gyear Duratrak",680.0,68.0,748.0,paid,"",17/04/2024 08:57,David Smith
PO100132,Power Crank,,17/04/2024,,,"Stock

4x EXSN120RSMF
2x MF55D23R",1033.82,103.38,1137.2,paid,"",17/04/2024 13:00,David Smith
PO100133,TYRES 4U,,18/04/2024,,,"Driver Rick Matthews 0427582865

Order 2x 285/70R17 Cooper Rugged Trek",754.92,75.49,830.41,paid,"",18/04/2024 08:15,David Smith
PO100134,Bridgestone Australia,,18/04/2024,,,"SG Fleet
Isuzu Rego 742BU3
Call driver when tyres arrive Meridy 0428100144

Ordered 2x 255/65R17 dullers 697 (B'stone 18/04/2023)",731.5,73.15,804.65,paid,"",18/04/2024 11:21,David Smith
PO100135,TOP TYRES AUSTRAILIA PTY LTD,,19/04/2024,,,"Elders
Tash Young 0448467918

5x 205/70R15C 106R TL KR-33A Kenda",475.0,47.5,522.5,paid,"",19/04/2024 08:29,David Smith
PO100136,TOOWOOMBA TRUCK SPARES,,19/04/2024,,,"RBY TR006

10x 1/4 air push fit fitting 1/4 BSP taper threads-straight fittings",45.7,4.57,50.27,paid,"",19/04/2024 10:42,David Smith
PO100129/1,REPCO Chinchilla,,16/04/2024,,,"Fleet Plus
Toyota Hi-lux
Rego 998ZKK

2x Rear Leaf Springs",498.0,49.8,547.8,paid,"",19/04/2024 12:36,David Smith
PO100137,REPCO Chinchilla,,22/04/2024,,,"Stock

1x Narva tail lights LED pack of 4 part number 94210/4",421.0,42.1,463.1,paid,"",22/04/2024 08:13,David Smith
PO100105/1,REPCO Chinchilla,,09/04/2024,,,"Stock
3x bag large zip ties 7.2x400mm
3x bags zip ties small 4.6x400mm
2x bags zip ties extra small 2x100mm",117.0,11.7,128.7,paid,"",22/04/2024 09:49,David Smith
PO100138,TOP TYRES AUSTRAILIA PTY LTD,,22/04/2024,,,"2x 271112 deli tyre
dave worsfold",336.0,33.6,369.6,paid,"",22/04/2024 11:38,Kieran Smith
PO100140,TOP TYRES AUSTRAILIA PTY LTD,,22/04/2024,,,"Direct freight to crossys crane hire

8x 14.00-20 tubes",541.0,54.1,595.1,paid,"",22/04/2024 13:41,David Smith
PO100141,REPCO Chinchilla,,22/04/2024,,,"Bill Blackley 46278157 0427278157
Landcruiser rego 930IMX

1x altenator
All belts",71.75,7.18,78.93,paid,"",22/04/2024 14:39,David Smith
PO100142,HANKOOK TYRE AUSTRALIA PTY LTD,,22/04/2024,,,"Kaleb 0428086741

1x 265/70R16 Hankook A/T 2",224.42,22.44,246.86,paid,"",22/04/2024 15:24,David Smith
PO100143,Pedders Toowoomba,,23/04/2024,,,"2x front struts
ventia",435.34,43.53,478.87,paid,"",23/04/2024 08:21,Kieran Smith
PO100144,TOOWOOMBA TRUCK SPARES,,23/04/2024,,,"Clarke Energy
Generator

2x oil filter P550318
2x air filter 32143-11500",117.88,11.79,129.67,billed,"",23/04/2024 08:37,David Smith
PO100145,REPCO Chinchilla,,23/04/2024,,,"Senex (toyota fleet)
Landcruiser Rego 460ZVB
Front & rear hub seals

2x 97929
2x 97765
2x 97909
2x 97165

Please send ASAP DDFS",137.5,13.75,151.25,paid,"",23/04/2024 09:08,David Smith
PO100146,Power Crank,,23/04/2024,,,"Stock

15x EXSNX120-7SCMF
10X DIN66HSMF

Please send ASAP DDFS",3556.85,355.69,3912.54,paid,"",23/04/2024 11:11,David Smith
PO100147,TYREMAX,,23/04/2024,,,"Paul Eggerling (07) 46275527
Toyota Hi-Lux
Quoted $347inc gst plus fitting

2x 30x9.5R15 Maxxis Bravo AT980",450.24,45.02,495.26,paid,"",23/04/2024 11:44,David Smith
PO100148,TOP TYRES AUSTRAILIA PTY LTD,,23/04/2024,,,"Jade Allsopp 0474706477
Hyundai IX-35
Rego 300CI7

4x 225/60R17 Nankang SP9",472.0,47.2,519.2,paid,"",23/04/2024 13:18,David Smith
PO100151,YOKOHAMA TYRE AUST PTY LTD,,24/04/2024,,,38565225 x 2,3052.0,305.2,3357.2,paid,"",24/04/2024 09:29,Kieran Smith
PO100152,Power Crank,,24/04/2024,,,"Stock

2x N70ZZLSMF
4x EXSNX120-7LSMF

Send DDFS ASAP",860.04,86.0,946.04,paid,"",24/04/2024 11:03,David Smith
PO100141/1,REPCO Chinchilla,,22/04/2024,,,"Bill Blackley 46278157 0427278157
Landcruiser rego 930IMX

1x altenator
All belts",209.0,20.9,229.9,paid,"",24/04/2024 11:14,David Smith
PO100153,Power Crank,,24/04/2024,,,"Stock

2x MF57539",275.0,27.5,302.5,paid,"",24/04/2024 11:52,David Smith
PO100154,TYRES 4U,,24/04/2024,,,loader tyres,3210.02,321.0,3531.02,paid,"",24/04/2024 15:41,Kieran Smith
PO100155,REMA TIP TOP AUSTRALIA PTY LTD,,24/04/2024,,,tyre sealant,861.6,86.16,947.76,paid,"",24/04/2024 15:42,Kieran Smith
PO100156,Bunnings,,29/04/2024,,,"Sternie Ute

Rubber matting
Curtins",177.25,17.73,194.98,paid,"",29/04/2024 08:56,David Smith
PO100157,Power Crank,,29/04/2024,,,"Stock

4x 12N24_4SMF",253.04,25.3,278.34,paid,"",29/04/2024 14:40,David Smith
PO100158,TOOWOOMBA TRUCK SPARES,,30/04/2024,,,"RBY 

2x 3030 Brake Boosters",112.46,11.25,123.71,paid,"",30/04/2024 08:44,David Smith
PO100159,Power Crank,,30/04/2024,,55278,Troy picked up lithium battery and dc charger,2269.35,226.94,2496.29,paid,"",30/04/2024 09:21,Troy Tompkins
PO100160,Tyrepoint Trading,,30/04/2024,,,"Amcor
Tyres to be delivered to amcor yard chinchillia

2x 11R22.5 Saliun S7-11",618.0,61.8,679.8,billed,"",30/04/2024 09:31,David Smith
PO100161,REPCO Chinchilla,,30/04/2024,,,"Workshop Tools

1x Mechpro torque wrench part number # MPBW115

Send with next delivery",53.64,5.36,59.0,paid,"",30/04/2024 10:27,Tablet 2
PO100156/1,Bunnings,,29/04/2024,,,"Sternie Ute

Rubber matting
Curtins",89.1,8.91,98.01,paid,"",30/04/2024 11:22,David Smith
PO100162,TOP TYRES AUSTRAILIA PTY LTD,,30/04/2024,,,tyres and tubes for stock,806.0,80.6,886.6,paid,"",30/04/2024 15:55,Kieran Smith
PO100163,TOP TYRES AUSTRAILIA PTY LTD,,01/05/2024,,,"Crossys Crane Hire
Direct freight to Cairns

8x 12.00-20 tubes",366.0,36.6,402.6,billed,"",01/05/2024 10:20,David Smith
PO100164,Bridgestone Australia,,02/05/2024,,,2x 8.5175 for qgc,1074.5,107.45,1181.95,paid,"",02/05/2024 08:40,David Smith
PO100165,Power Crank,,02/05/2024,,,"Stock

2x DIN65L",247.72,24.77,272.49,paid,"",02/05/2024 10:52,David Smith
PO100167,FREEDOM TYRES,,02/05/2024,,,"1x 31580225 aeolus adc53
ventia rig1",414.0,41.4,455.4,paid,"",02/05/2024 15:40,Kieran Smith
PO100168,TYRES 4U,,03/05/2024,,,20 x RR99 11r trailer tyres to be sent to Chinchilla for Amcor,5600.0,560.0,6160.0,paid,"",03/05/2024 09:19,Troy
PO100169,Bridgestone Australia,,03/05/2024,,,12x 2656517 697,3115.32,311.53,3426.85,billed,"",03/05/2024 12:12,David Smith
PO100170,COM-PAK PRODUCTS,,03/05/2024,,,"Workshop Compressor (yanmar L100N5)

1x Air filter Replacment kit",181.36,18.14,199.5,paid,"",03/05/2024 13:36,David Smith
PO100171,REPCO Chinchilla,,03/05/2024,,,"Stock

2x 20ltr penrite 80W90 Gear oil part no# GO8090020
2x 20ltr penrite 75W85 pro gear full syn part no# PROG7585020
2x 1ltr moreys part no# 00001-OS",870.68,87.07,957.75,billed,"",03/05/2024 13:57,David Smith
PO100172,BLACK TOYOTA,,03/05/2024,,,"Sterny Ute

1x Set of front coil springs (TFR-79)
1x set of front shocks lovells 100-150 (64612491)",704.2,70.42,774.62,billed,"",03/05/2024 14:04,David Smith
PO100173,TYRES 4U,,07/05/2024,,,"Call when arrive Brad 0427578836

1x 2657516 cooper
add freight cost of 37$",245.58,24.56,270.14,paid,"",07/05/2024 08:46,Kieran Smith
PO100174,Western Truck Group,,07/05/2024,,,"RBY HV023 UD

Repairs warning light

1x 23871484 Oil thermostat contro;
1x 21248079 Electrical connector
1x 874146 Cable electrical
1x 993665 Housing",416.42,41.64,458.06,paid,"",07/05/2024 08:54,David Smith
PO100175,Western Truck Group,,07/05/2024,,,"RBY Volvo HV007

1X battery box ( 21792155)",2168.86,216.89,2385.75,billed,"",07/05/2024 09:06,David Smith
PO100176,REPCO Chinchilla,,07/05/2024,,,"STOCK

2x RSK60C filter kits",222.0,22.2,244.2,paid,"",07/05/2024 09:50,David Smith
PO100177,TOOWOOMBA TRUCK SPARES,,07/05/2024,,,"RBY SPARE BOOSTER

1x M3430050 Maxi brake booster 30/30",56.23,5.62,61.85,billed,"",07/05/2024 10:25,David Smith
PO100178,TOP TYRES AUSTRAILIA PTY LTD,,07/05/2024,,,"1x 2156017 ling long
for jenny's nissan",76.0,7.6,83.6,paid,"",07/05/2024 11:51,Kieran Smith
PO100179,ATLAS TYRES,,07/05/2024,,,20 truck tyres,4920.0,492.0,5412.0,paid,"",07/05/2024 12:40,Kieran Smith
PO100180,TOP TYRES AUSTRAILIA PTY LTD,,07/05/2024,,,"1x 75020 tyre and tube
dan black. add freight",246.0,24.6,270.6,billed,"",07/05/2024 14:40,Kieran Smith
PO100181,TYRES 4U,,08/05/2024,,,"5x 2657516 terrafirma rt
Kayne",982.5,98.25,1080.75,billed,"",08/05/2024 09:15,Kieran Smith
PO100182,JACKSONS PARTS N INDUSTRIAL SUPPLIES,,08/05/2024,,,globe holders,5.94,0.59,6.53,paid,"",08/05/2024 10:07,Kieran Smith
PO100183,REPCO Chinchilla,,08/05/2024,,,"STOCK

6x 49894BL narva H4 globe holder
1x RTT8003 Repco 37 piece diesel compression tester kit",507.79,50.78,558.57,billed,"",08/05/2024 11:10,David Smith
PO100184,TYRES 4U,,08/05/2024,,,2x 2657516 cooper rugged trek,1100.72,110.07,1210.79,billed,"",08/05/2024 13:53,Kieran Smith
PO100185,Western Truck Group,,08/05/2024,,,"RBY
2020 Mack Granite
Rego XB77CS

1x Service Kit (engine)",203.86,20.39,224.25,paid,"",08/05/2024 15:32,David Smith
PO100186,Western Truck Group,,08/05/2024,,,"RBY
2020 UD GW26460
Rego XB47DA

1x Service kit (engine)",297.5,29.75,327.25,paid,"",08/05/2024 15:33,David Smith
PO100187,TOOWOOMBA TRUCK SPARES,,08/05/2024,,,spare parts,364.16,36.42,400.58,billed,"",08/05/2024 16:18,Kieran Smith
PO100188,MICHELIN AUSTRALIA PTY LTD,,09/05/2024,,,new 2756020,692.0,69.2,761.2,billed,"",09/05/2024 07:43,Kieran Smith
PO100189,TYRES 4U,,09/05/2024,,,"Casey Satler 0475586173

1x 195/60R12 GT Radial 195/60R12 104/102N KargoMax ST6000 104N",190.44,19.04,209.48,billed,"",09/05/2024 08:17,David Smith
PO100190,TYRES 4U,,09/05/2024,,,"Nandina
Andrew French 0400195622

2x Alliance 9.00-16 10PR 542 122B I-1 Rib Implement",410.0,41.0,451.0,billed,"",09/05/2024 08:24,David Smith
PO100191,YOKOHAMA TYRE AUST PTY LTD,,09/05/2024,,,4 x 285/60r18 Yok X-AT to be sent to Moranbah. Beyond Contracting. 1 Miller street Moranbah,1320.0,132.0,1452.0,billed,"",09/05/2024 10:52,Troy
PO100192,J.K. BACKHOE HIRE PTY. LTD,,09/05/2024,,,"Clarke Energy
Generator

2x fuel lines",608.0,60.8,668.8,billed,"",09/05/2024 14:09,David Smith
PO100193,TYRES 4U,,09/05/2024,,,"Pat devilin

1x Dynamo 215/70R15C 109/107S HISCEND-H MC02 109/107S",93.12,9.31,102.43,billed,"",09/05/2024 15:52,David Smith
PO100194,TOP TYRES AUSTRAILIA PTY LTD,,10/05/2024,,,"1x 3808528
cormack",768.0,76.8,844.8,billed,"",10/05/2024 08:53,Kieran Smith
PO100196,TOP TYRES AUSTRAILIA PTY LTD,,10/05/2024,,,"K.C. DONOHOE & SONS
Trent Faulkner 0438 408 235

1x 225/70R17 Nankang FT-7",176.0,17.6,193.6,billed,"",10/05/2024 10:50,David Smith
PO100197,TYRES 4U,,10/05/2024,,,"Little Pastrol
0431682660

2x 255/70R15LT 112/110S Savero HT2",390.08,39.01,429.09,billed,"",10/05/2024 14:10,David Smith
PO100198,TYRES 4U,,13/05/2024,,,"Brad James

1x 205/50R17 dynamo MU02",70.37,7.04,77.41,billed,"",13/05/2024 10:04,David Smith
PO100199,Western Truck Group,,13/05/2024,,,"UD Reg XB47DA
Unit HV023

1x Set front king pins and bush kit",669.08,66.91,735.99,billed,"",13/05/2024 12:57,David Smith
PO100200,REPCO Chinchilla,,13/05/2024,,,"SEND ASAP

Clarke Energy
Generator Kuboto V2403

2x Fuel filters part # R2451P",17.5,1.75,19.25,billed,"",13/05/2024 13:16,David Smith
PO100201,Western Truck Group,,13/05/2024,,,"RBY 
Mack rego XB77CS
Unit HV024

PARTS WERE WRONG CALLED AND RE-ORDERED CORRECT PARTS 14/05/2024

1x Front passenger side cab/chassis mount (where top shockie mounts)
2x Front shockies (power down P901) or similar
1x Front shockie top bounting bolt and nut",754.47,75.45,829.92,billed,"",13/05/2024 13:55,David Smith
PO100202,Western Truck Group,,13/05/2024,,,"RBY
2019 red Western star constillation prime mover 
Rego XQ34MR
Unit HV017

1x radiator cap
1x passanger side door lock and key barrell
1x passanger side door lock acuator",455.23,45.52,500.75,billed,"",13/05/2024 14:00,David Smith
PO100203,Western Truck Group,,13/05/2024,,,"RBY
Water Tanker
Rego 546QYA
Unit TR017

1x rear trailer leaf spring 9 leaf
1x set of 4 rocker box bushes to suit SP1182 maxi rocker box
1x set of 4 bolts/washers and nuts to suit SP1182 maxi rocker box",552.81,55.28,608.09,billed,"",13/05/2024 14:30,David Smith
PO100204,TYRES 4U,,13/05/2024,,,stock tyres,996.75,99.68,1096.43,billed,"",13/05/2024 16:54,Kieran Smith
PO100205,ATLAS TYRES,,14/05/2024,,,stock tyres,4299.0,429.9,4728.9,billed,"",14/05/2024 07:42,Kieran Smith
PO100206,TYRES 4U,,14/05/2024,,,"Doug Shearer
0493858391
Quoted $410 inc gst fit ballance and scrap

2x Dynamo 235/60R17 102T STREET-H MH01 102T",218.4,21.84,240.24,billed,"",14/05/2024 10:14,David Smith
PO100208,Western Truck Group,,14/05/2024,,,"RBY
2020 Mack Granite
Rego XB77CS
Unit HV024

1x Control valve part number # 23871480",491.26,49.13,540.39,billed,"",14/05/2024 15:49,David Smith
PO100209,autobarn toowoombah,,14/05/2024,,,1x switch for fuso work truck,79.98,8.0,87.98,billed,"",14/05/2024 16:38,David Smith
PO100210,TYRES 4U,,15/05/2024,,,"Brigadoon Cattle
Bill Speed

1x Alliance 15.5/80-24 12PR TL 533 R-4 Industrial Tractor LOM
1x Alliance 13.0/65-18 16PR TL 320 I-2 Agricultural Implement",1032.75,103.28,1136.03,billed,"",15/05/2024 08:20,David Smith
PO100211,REPCO Chinchilla,,15/05/2024,,,"Stuart Jack

1x timing belt kit RTTKH1511",193.0,19.3,212.3,billed,"",15/05/2024 11:01,David Smith
PO100201/1,Western Truck Group,,13/05/2024,,,"RBY 
Mack rego XB77CS
Unit HV024

PARTS WERE WRONG CALLED AND RE-ORDERED CORRECT PARTS 14/05/2024

1x Front passenger side cab/chassis mount (where top shockie mounts)
2x Front shockies (power down P901) or similar
1x Front shockie top bounting bolt and nut",526.46,52.65,579.11,billed,"",15/05/2024 12:02,David Smith
PO100212,TYRES 4U,,15/05/2024,,,"Cormac

1x Advance 460/85R38 TL AR1200 151D",1150.0,115.0,1265.0,billed,"",15/05/2024 13:57,David Smith
PO100213,AUSTRALIAN TYRE TRADERS,,16/05/2024,,,"Stock

6x 4.00x12 Harvest implement",678.0,67.8,745.8,billed,"",16/05/2024 08:20,David Smith
PO100214,TOP TYRES AUSTRAILIA PTY LTD,,16/05/2024,,,"Stock

6x 4.00/4.50-12 TR13 TUBE",72.0,7.2,79.2,billed,"",16/05/2024 08:22,David Smith
PO100215,TOOWOOMBA TRUCK SPARES,,16/05/2024,,,"RBY

3x brake boosters 30/30 part no M3430050",168.69,16.87,185.56,billed,"",16/05/2024 09:34,David Smith
PO100216,REPCO Chinchilla,,16/05/2024,,,"Work Shop (joseph)

5x grey anderson plug 50amp
5x red single stud terminal ACX3145BL
5x black single batt stud ACX3146BL
5x narva 12v relay 30amp 68024BL
5x narva 24v relay 30amp 68036BL
5x narva 12v relay 30amp 87A
1x box assorted machine screws and nuts M3.5/M4/M5",754.0,75.4,829.4,billed,"",16/05/2024 09:43,David Smith
PO100217,NETA TIRE SERVICE & SALES P/L,,16/05/2024,,,stock tyres,1608.0,160.8,1768.8,billed,"",16/05/2024 12:44,Kieran Smith
PO100219,BSC MOTION TECHNOLOGY,,16/05/2024,,,stock belts,215.2,21.52,236.72,billed,"",16/05/2024 13:12,Kieran Smith
PO100220,Bridgestone Australia,,16/05/2024,,,"Nandina Agricultural
Andrew French 0400195622
Call when arrive to organize fitting in Theodore

2x 480/70R34 Firestone
2x 480/80R50 Firestone",4842.76,484.28,5327.04,billed,"",16/05/2024 14:39,David Smith
PO100221,REMA TIP TOP AUSTRALIA PTY LTD,,17/05/2024,,,supplies,958.16,95.82,1053.98,billed,"",17/05/2024 10:19,Kieran Smith
PO100222,Cool Drive,,17/05/2024,,,"Wandoan Tyreright ( acc tmtindustrial.com.au )
Joseph

2x LV 7 round headlight insert ( LV0220KIT )
5x LED amber side marker lamps ( 86AAM )
2x E stop push button weather proof 
1x split sleeving 7mm ( RPLT07-100mtr )
1x 3mm twin core cable ( CB003AZ-100mtr )
1x heat shrink red 10mm ( QHSB10RD )
10x red/amber clearnce lights ( narva 0",786.2,78.62,864.82,billed,"",17/05/2024 10:58,David Smith
PO100223,TOP TYRES AUSTRAILIA PTY LTD,,17/05/2024,,,"Darryl Horn 0459529014

4x 225/60R17 nankang SP9",472.0,47.2,519.2,billed,"",17/05/2024 13:30,David Smith
PO100225,REPCO Chinchilla,,17/05/2024,,,"RBY
Rego 774TNF
Unit HV004

2x LED truck tail light ( 460ARWMB )",400.36,40.04,440.4,billed,"",17/05/2024 14:18,David Smith
PO100227,Toyo Tyre Australia pty ltd,,20/05/2024,,,"RIG 30

4x 265/65R17 toyo OPAT3",994.0,99.4,1093.4,billed,"",20/05/2024 08:37,David Smith
PO100220/1,Bridgestone Australia,,16/05/2024,,,"Nandina Agricultural
Andrew French 0400195622
Call when arrive to organize fitting in Theodore

2x 480/70R34 Firestone
2x 480/80R50 Firestone",5623.68,562.37,6186.05,billed,"",20/05/2024 10:04,David Smith
PO100228,SUMITOMO RUBBER,,20/05/2024,,,Falken order 8 x 2657516 at3,1709.4,170.94,1880.34,billed,"",20/05/2024 10:49,Troy
PO100229,REPCO Chinchilla,,20/05/2024,,,"Workshop

1x grab kit machine nuts",400.0,40.0,440.0,billed,"",20/05/2024 11:14,David Smith
PO100230,TOP TYRES AUSTRAILIA PTY LTD,,20/05/2024,,,"Randel

2x 215/65R15c 104T TL KR-33A KENDA",204.0,20.4,224.4,billed,"",20/05/2024 11:48,David Smith
PO100231,TYRES 4U,,20/05/2024,,,2 Radar Renegade for Craig Baker and 3 Terrafirma for stock,670.6,67.06,737.66,billed,"",20/05/2024 12:29,Troy
PO100232,HASTINGS DEERING,,20/05/2024,,,"PHE
Call when arrive 0409477146
Multipurpose bucket 
Serial 6555MP001141
Bucket part number 325-7046
Year 2012
 
2x 4 in 1 bucket ram seal kit",388.56,38.86,427.42,billed,"",20/05/2024 13:06,David Smith
PO100233,TOOWOOMBA TRUCK SPARES,,20/05/2024,,,"Rick Thronton

Parts for isuzu as per quote 316385",8009.66,800.97,8810.63,billed,"",20/05/2024 13:27,David Smith
PO100234,TOOWOOMBA TRUCK SPARES,,20/05/2024,,,"RBY 
Water Tanker
Rego 546QYA

2x sets of tapered rocker box bushes to suit SP1182 maxus rocker
1x Leaf spring 9 leaf/ pack height 120mm leaf thickness 12mm leaf width 75mm",284.37,28.44,312.81,billed,"",20/05/2024 14:11,David Smith
PO100235,NETA TIRE SERVICE & SALES P/L,,20/05/2024,,,4 x 2656517 Terra Hunter XT stock for Taroom,984.0,98.4,1082.4,billed,"",20/05/2024 14:38,Troy
PO100236,BLACK TOYOTA,,20/05/2024,,,"Senex (Kristie 0475707651)
Landcruiser rego S261BJO

1x oil pressure sender
1x right rear abs sensor",407.13,40.71,447.84,billed,"",20/05/2024 15:06,David Smith
PO100237,REPCO Chinchilla,,21/05/2024,,,"Workshop Supplies

2x ACX3438 emergency stop button
2x 47207 globes 10 pack box
2x T4W 12V globes 10 pack
2x T4W 24v globes 10 pack",102.0,10.2,112.2,billed,"",21/05/2024 08:51,David Smith
PO100238,TOP TYRES AUSTRAILIA PTY LTD,,21/05/2024,,,4x 2457016 kenda rt for glowstrike,728.0,72.8,800.8,pending,"",21/05/2024 09:13,David Smith
PO100239,TOOWOOMBA TRUCK SPARES,,21/05/2024,,,"RBY
HV025

1x right rear red/amber marker plate 150mmx600mm",18.85,1.89,20.74,billed,"",21/05/2024 09:23,David Smith
PO100240,Power Crank,,21/05/2024,,,"STOCK

3x MF43
2x STX14BS
1x STX4LBS
1x MF50B24
1x MF50B24L
6x EXSMX120-7
4x MF31-1000
6x DIN66HSMF
6x N70ZZMSMF
2x EXNX120-7L",4124.71,412.47,4537.18,billed,"",21/05/2024 09:33,David Smith
PO100241,TREADCARE QLD PTY LTD,,21/05/2024,,,"8x 11R22.5 Appllo endutuff
3x 385/65R22.5 Apollo",1925.0,192.5,2117.5,billed,"",21/05/2024 09:41,David Smith
PO100242,TOOWOOMBA TRUCK SPARES,,21/05/2024,,,"RBY
TR021

12x 25.4 diameter double hole stauff clamps
6x 5/8x1/2"" elbow tapered thread airline fittings",287.58,28.76,316.34,billed,"",21/05/2024 11:12,David Smith
PO100243,TOOWOOMBA TRUCK SPARES,,21/05/2024,,,"RBY

2x 600x600 black western star mud flaps
1x RM615B-A marker plate
1x RM615A-A marker plate
1x 24x18P mud flap
1x drivers seat belt rego XB42HQ",324.26,32.43,356.69,billed,"",21/05/2024 11:28,David Smith
PO100244,REPCO Chinchilla,,21/05/2024,,,parts,269.0,26.9,295.9,billed,"",21/05/2024 12:25,David Smith
PO100245,TOP TYRES AUSTRAILIA PTY LTD,,21/05/2024,,,stock,1400.0,140.0,1540.0,billed,"",21/05/2024 16:22,David Smith
PO100246,REPCO Chinchilla,,21/05/2024,,,optima battery,384.0,38.4,422.4,billed,"",21/05/2024 16:38,David Smith
PO100247,ATLAS TYRES,,22/05/2024,,,tyres,4920.0,492.0,5412.0,billed,"",22/05/2024 09:06,David Smith
PO100248,TOP TYRES AUSTRAILIA PTY LTD,,23/05/2024,,,90013 tyre and tube for pat devlin,286.0,28.6,314.6,billed,"",23/05/2024 10:48,Kieran Smith
PO100249,REPCO Chinchilla,,23/05/2024,,,"rsk25c x3
rsk28c x3",310.92,31.09,342.01,billed,"",23/05/2024 14:40,Kieran Smith
PO100250,ATLAS TYRES,,23/05/2024,,,8x 26570195,1872.0,187.2,2059.2,billed,"",23/05/2024 14:41,Kieran Smith
PO100251,Toyo Tyre Australia pty ltd,,24/05/2024,,,4x 2857516 rt,1526.0,152.6,1678.6,billed,"",24/05/2024 09:08,Kieran Smith
PO100252,TYRES 4U,,24/05/2024,,,"Rebecca Marcantelli 0458917458
Will call to book in 
Quoted $175 inc gst and fitting/disposal

1x Mastercraft 205/55R16 91V MC-440",82.84,8.28,91.12,billed,"",24/05/2024 12:55,David Smith
PO100253,BLACK TOYOTA,,24/05/2024,,,"6x wheel studs and nuts for vehicle rego 240jz5
delivered to 7 zupp rd wandoan 4419 please.",61.26,6.13,67.39,billed,"",24/05/2024 14:11,Kieran Smith
PO100254,TOOWOOMBA TRUCK SPARES,,24/05/2024,,,"Workshop Supplies

3x narva led number plate light part # 90862BL
3x narva red reflector small rectangle part # 84037",79.17,7.92,87.09,billed,"",24/05/2024 14:21,David Smith
PO100255,REPCO Chinchilla,,24/05/2024,,,"Stock

6x Z418 oil filters",66.0,6.6,72.6,billed,"",24/05/2024 14:28,David Smith
PO100256,TYRES 4U,,24/05/2024,,,brodie bud(willoise) and brian baker,1781.06,178.11,1959.17,billed,"",24/05/2024 14:35,Kieran Smith
PO100257,YOKOHAMA TYRE AUST PTY LTD,,24/05/2024,,,4 x 2957017 Yokahama MT tyres sent to Moranbah,1418.2,141.82,1560.02,billed,"",24/05/2024 16:53,Troy
PO100258,TECHKING AUSTRALIA,,24/05/2024,,,2 x 385/65r22.5 TKTM V Techking steers delivered to Moranbah for Beyond Contracting 0428211989,4110.0,411.0,4521.0,billed,"",24/05/2024 17:59,Troy
PO100259,AUSTRALIAN TYRE TRADERS,,27/05/2024,,,"Stock

6x 4.00-12 harvest tyres",678.0,67.8,745.8,billed,"",27/05/2024 08:51,David Smith
PO100260,TYREMAX,,27/05/2024,,,2x 2656517 dura trac,680.0,68.0,748.0,billed,"",27/05/2024 09:38,David Smith
PO100261,Wandoan Home Hardware,,27/05/2024,,,"RBY 
TR017

Bolts for water tanker",4.91,0.49,5.4,billed,"",27/05/2024 14:52,David Smith
PO100262,MICHELIN AUSTRALIA PTY LTD,,28/05/2024,,,"4x 2656517 bfg ko2
nutrien agg solutions",1268.0,126.8,1394.8,billed,"",28/05/2024 08:24,Kieran Smith
PO100263,TOP TYRES AUSTRAILIA PTY LTD,,28/05/2024,,,"Michelle Taroom bakery ( 0476659878 )
QUOTED $138 INC GST

1x 15x6 ford rim 0 off set",68.0,6.8,74.8,billed,"",28/05/2024 09:02,David Smith
PO100264,Wandoan Home Hardware,,28/05/2024,,,"RBY
TR016

Bolts for rocker boxes",44.18,4.42,48.6,billed,"",28/05/2024 09:35,David Smith
PO100265,Western Truck Group,,28/05/2024,,,"Osborne Contracting
Volvo FL7
Rego 803WLS

1x service kit oil and fuel
1x engine oil dipstick",148.9,14.89,163.79,billed,"",28/05/2024 11:54,David Smith
PO100266,YOKOHAMA TYRE AUST PTY LTD,,28/05/2024,,,"4 x 235/55r19 X-CV tyres sent to Townsville
Daniel Farinha 0419871557
12 Smily Court Deeragun QLD",1023.28,102.33,1125.61,billed,"",28/05/2024 14:10,Troy
PO100267,ATLAS TYRES,,28/05/2024,,,16x wgc28,4464.0,446.4,4910.4,billed,"",28/05/2024 15:10,Kieran Smith
PO100268,TREADCARE QLD PTY LTD,,28/05/2024,,,,8080.0,808.0,8888.0,billed,"",28/05/2024 16:00,Kieran Smith
PO100269,Bridgestone Australia,,28/05/2024,,,,6738.8,673.88,7412.68,billed,"",28/05/2024 16:02,Kieran Smith
PO100270,MICHELIN AUSTRALIA PTY LTD,,29/05/2024,,,1x 2754021,475.23,47.52,522.75,billed,"",29/05/2024 14:29,Kieran Smith
PO100271,SUMITOMO RUBBER,,29/05/2024,,,"Avonmore Grazing
Jordan Anderson 0438 149 616

4x 265/65R18 falcon wildpeak AT3W
2 for customer 2 for taroom stock",866.7,86.67,953.37,billed,"",29/05/2024 15:22,David Smith
PO100272,TYRES 4U,,29/05/2024,,,stock 16' tyres,1964.0,196.4,2160.4,billed,"",29/05/2024 15:38,Kieran Smith
PO100273,ATLAS TYRES,,29/05/2024,,,stock drives,7416.0,741.6,8157.6,billed,"",29/05/2024 15:39,Kieran Smith
PO100274,Pedders Toowoomba,,29/05/2024,,,"Fleet Partners (Nutrien)
For ranger rego 689CB2

2x front struts (complete)",881.1,88.11,969.21,billed,"",29/05/2024 15:50,David Smith
PO100275,Western Truck Group,,30/05/2024,,,"new aircleaners for hv025
xb60er",276.31,27.63,303.94,billed,"",30/05/2024 08:22,Kieran Smith
PO100276,TYRES 4U,,30/05/2024,,,"MURUNGHA CATTLE

2x 285/60R18 dunlop at25",636.4,63.64,700.04,billed,"",30/05/2024 08:25,David Smith
PO100277,Savcom,,30/05/2024,,,"Workshop

1x Carton 50245 - WYNNS HI-TEMP BEARING 450g
1x MWB24 
3x MWB22",204.2,20.42,224.62,billed,"",30/05/2024 08:49,David Smith
PO100278,Western Truck Group,,30/05/2024,,,"Osborne Contracting
Volvo FL Series
Year 1991
Rego 803WLS

1x Vehicle speed sensor for speedo ( 4pin )",496.38,49.64,546.02,billed,"",30/05/2024 09:29,David Smith
PO100279,Toyo Tyre Australia pty ltd,,30/05/2024,,,"Knight Hawk Rural
0428104478

2x 265/70R17 toyo opat3",687.0,68.7,755.7,billed,"",30/05/2024 13:56,David Smith
PO100280,Power Crank,,30/05/2024,,,"Workshop

12xEXSNX120-7SCMF
5x 31A Adapters pos & neg",2046.28,204.63,2250.91,billed,"",30/05/2024 14:03,David Smith
PO100281,TOP TYRES AUSTRAILIA PTY LTD,,30/05/2024,,,stock tyres and tubes,228.0,22.8,250.8,billed,"",30/05/2024 15:23,Kieran Smith
PO100265/1,Western Truck Group,,28/05/2024,,,"Osborne Contracting
Volvo FL7
Rego 803WLS

1x service kit oil and fuel
1x engine oil dipstick",152.62,15.26,167.88,billed,"",30/05/2024 15:28,David Smith
PO100282,Sydney Tools Pty Ltd,,30/05/2024,,,"Workshop

1x oxy weld kit
4x sawzall blades",884.03,88.4,972.43,billed,"",30/05/2024 15:34,David Smith
PO100283,REPCO Chinchilla,,31/05/2024,,,"Stock

3x R2720P oil filters",46.5,4.65,51.15,billed,"",31/05/2024 08:54,David Smith
PO100284,REPCO Chinchilla,,31/05/2024,,,"Veolia 

7x RSK60c",636.37,63.64,700.01,billed,"",31/05/2024 15:39,David Smith
PO100285,Pedders Toowoomba,,03/06/2024,,,ergon ute shockies,881.1,88.11,969.21,billed,"",03/06/2024 07:58,Kieran Smith
PO100286,Western Truck Group,,03/06/2024,,,,152.96,15.3,168.26,billed,"",03/06/2024 10:44,Kieran Smith
PO100287,HASTINGS DEERING,,03/06/2024,,,"PHE
Multipurpose bucket 
Serial 6555MP001141
Bucket part number 325-7046
Year 2012
 
1x lower bucket ram pin",80.39,8.04,88.43,billed,"",03/06/2024 11:20,David Smith
PO100288,Power Crank,,03/06/2024,,,"12x exsnx120-7SMF
6x exsnx120-7LSMF
4x N70ZZMSMF
4x DIN66HSMF
THANYOU",2059.14,205.91,2265.05,billed,"",03/06/2024 14:14,Kieran Smith
PO100289,TECHKING AUSTRALIA,,03/06/2024,,,,4080.0,408.0,4488.0,billed,"",03/06/2024 14:15,Kieran Smith
PO100291,REPCO Chinchilla,,03/06/2024,,,"1x ford ranger emngine sump plug for rego number 437HE9
1x R2724P fuel filter",383.42,38.34,421.76,billed,"",03/06/2024 14:46,Kieran Smith
PO100292,TYRES 4U,,03/06/2024,,,"4x giti gam837
stock",999.0,99.9,1098.9,billed,"",03/06/2024 15:10,Kieran Smith
PO100293,TOP TYRES AUSTRAILIA PTY LTD,,03/06/2024,,,"2x 29580225
for stock",808.0,80.8,888.8,billed,"",03/06/2024 16:21,Kieran Smith
PO100295,SUMITOMO RUBBER,,05/06/2024,,,"Cameron Pitkin

2x 265/60R18 wild peak AT3W $350 plus fitting

2x 265/60R18 wild peak AT3W for stock",895.45,89.55,985.0,billed,"",05/06/2024 08:36,David Smith
PO100292/1,TYRES 4U,,03/06/2024,,,"4x giti gam837
stock",999.0,99.9,1098.9,billed,"",05/06/2024 11:09,Kieran Smith
PO100296,TOOWOOMBA TRUCK SPARES,,05/06/2024,,,"Thornton Isuzu

Belts
air dryer kit
govenor",350.38,35.04,385.42,billed,"",05/06/2024 11:59,David Smith
PO100297,REPCO Chinchilla,,06/06/2024,,,"1x psa199
1x pcf577
1xz599",57.86,5.79,63.65,billed,"",06/06/2024 08:41,Kieran Smith
PO100298,REPCO Chinchilla,,06/06/2024,,,"Clarke Energy
Generator Service Filters

3x LF3376 (oil filter)
3x R2451P (fuel filter)
3x RS3704 (air filter)",330.27,33.03,363.3,billed,"",06/06/2024 09:04,David Smith
PO100299,EARTHMOVING EQUIPMENT AUSTRALIA,,06/06/2024,,,"PHE
Case Excavator
1x IH-87682994 (filter air)
1x IH-87682991 (filter air)
1x IH-87729947 (filter oil)
1x IH-47585451 (filter fuel)
1x IH-47518440 (filter fuel)",337.87,33.79,371.66,billed,"",06/06/2024 09:14,David Smith
PO100291/1,REPCO Chinchilla,,03/06/2024,,,"1x ford ranger emngine sump plug for rego number 437HE9
1x R2724P fuel filter",95.87,9.59,105.46,billed,"",06/06/2024 13:26,Kieran Smith
PO100300,TOOWOOMBA TRUCK SPARES,,06/06/2024,,,"RBY
Unit TR006

1x Beacon Light
4x Toggle switch 2 pin on/off",250.11,25.01,275.12,billed,"",06/06/2024 14:04,David Smith
PO100301,AUSTRALIAN TYRE TRADERS,,06/06/2024,,,drive tyres,2840.0,284.0,3124.0,billed,"",06/06/2024 14:11,Kieran Smith
PO100302,TOP TYRES AUSTRAILIA PTY LTD,,06/06/2024,,,3x 2058516,456.0,45.6,501.6,billed,"",06/06/2024 16:23,Kieran Smith
PO100303,REPCO Chinchilla,,07/06/2024,,,"Burralooma
Suzuie Speed
Landcruiser 
Rego 091VPR

2x Panhard rod bush (28067)",136.0,13.6,149.6,billed,"",07/06/2024 10:35,David Smith
PO100304,Cool Drive,,07/06/2024,,,"Workshop Stock

1x pack ACX 3059 eye terminal
1x pack ACX 3060 eye terminal
1x pack ACX 3061 eye terminal
4x anderson plug grey 175amp
4x anderson plug grey 125amp
4x car trailer plug 7pin flat",137.58,13.76,151.34,billed,"",07/06/2024 11:47,David Smith
PO100305,Pedders Toowoomba,,07/06/2024,,,,0.0,0.0,0.0,pending,"",07/06/2024 12:28,Kieran Smith
PO100307,TOP TYRES AUSTRAILIA PTY LTD,,07/06/2024,,,stock tyres,1776.0,177.6,1953.6,billed,"",07/06/2024 14:08,Kieran Smith
PO100308,TYRES 4U,,07/06/2024,,,,186.0,18.6,204.6,billed,"",07/06/2024 15:18,Kieran Smith
PO100309,TYRES 4U,,10/06/2024,,,"Yackatoon

1x 26-9.00R12 bear claw",199.0,19.9,218.9,billed,"",10/06/2024 08:28,David Smith
PO100310,REPCO Chinchilla,,10/06/2024,,,"PHE
Amarock
Rego CQS57Y

1x oil filter
1x air filter
1xfuel filter
1x cabin filter",158.02,15.8,173.82,billed,"",10/06/2024 10:46,David Smith
PO100298/1,REPCO Chinchilla,,06/06/2024,,,"Clarke Energy
Generator Service Filters

3x LF3376 (oil filter)
3x R2451P (fuel filter)
3x RS3704 (air filter)",114.75,11.48,126.23,billed,"",11/06/2024 13:12,David Smith
PO100298/2,REPCO Chinchilla,,06/06/2024,,,"Clarke Energy
Generator Service Filters

3x LF3376 (oil filter)
3x R2451P (fuel filter)
3x RS3704 (air filter)",39.75,3.98,43.73,billed,"",11/06/2024 13:14,David Smith
PO100219/1,BSC MOTION TECHNOLOGY,,16/05/2024,,,stock belts,374.64,37.46,412.1,billed,"",11/06/2024 14:17,Kieran Smith
PO100312,TOOWOOMBA TRUCK SPARES,,11/06/2024,,,spacers,306.94,30.69,337.63,billed,"",11/06/2024 16:00,Kieran Smith
PO100313,Western Truck Group,,12/06/2024,,,"RBY
Volvo FH16
Rego 773TNF
Unit# HV007

1x Service filter kit",195.0,19.5,214.5,billed,"",12/06/2024 08:57,David Smith
PO100314,TOOWOOMBA TRUCK SPARES,,12/06/2024,,,"RBY
Western Star
Rego XQ34MR
Unit# HV017

1x service kit (engine oil filter/engine fuel filter detroit) DO NOT SEND WATER SEPERATOR FILTER
1x gearbox filter ( road ranger - eaton",220.38,22.04,242.42,billed,"",12/06/2024 08:58,David Smith
PO100315,Capricorn 4x4 and Outdoors,,12/06/2024,,,"SG Fleet ( ergon )
Ford Ranger
Rego 709AN4
Old invoive # WAN55936
2x front iron man struts",1161.82,116.18,1278.0,billed,"",12/06/2024 09:15,David Smith
PO100316,REPCO Chinchilla,,12/06/2024,,,"Stock

2x 20ltr 50 weight trans oil penrite
1x 20ltr 85w-140 gear oil penrite",357.76,35.78,393.54,billed,"",12/06/2024 10:04,David Smith
PO100317,TYRES 4U,,12/06/2024,,,stock,507.0,50.7,557.7,billed,"",12/06/2024 11:28,Kieran Smith
PO100318,TOP TYRES AUSTRAILIA PTY LTD,,12/06/2024,,,"holly budd
4x kenda at 2655519",832.0,83.2,915.2,billed,"",12/06/2024 11:30,Kieran Smith
PO100319,TOOWOOMBA TRUCK SPARES,,12/06/2024,,,"RBY
Water tanker trailer
TR029

4x rocker box pins and nuts
8x rocker box bushes",159.52,15.95,175.47,billed,"",12/06/2024 13:37,David Smith
PO100320,TOOWOOMBA TRUCK SPARES,,12/06/2024,,,"RBY
Water tanker
TR017

6x Trailer slack adjusters course spline/large spline standard GP part with 19mmx3/4 adjuster (part number 10.35HD)",145.2,14.52,159.72,billed,"",12/06/2024 14:01,David Smith
PO100321,REPCO Chinchilla,,12/06/2024,,,"Suzui Speed
Landcruiser rego 091VPR

1x 50mm steering damper
2x super pro radius arm to diff bush kit offset",76.0,7.6,83.6,billed,"",12/06/2024 14:02,David Smith
PO100322,REPCO Chinchilla,,12/06/2024,,,"Rusty Class
Jeep grand cherokee
Rego 859IP5

2x rear diff drive shaft seals",20.6,2.06,22.66,billed,"",12/06/2024 14:53,David Smith
PO100323,Toyo Tyre Australia pty ltd,,12/06/2024,,,2x 2257017,583.0,58.3,641.3,billed,"",12/06/2024 16:54,Kieran Smith
PO100324,TOP TYRES AUSTRAILIA PTY LTD,,13/06/2024,,,stock,260.0,26.0,286.0,billed,"",13/06/2024 08:06,Kieran Smith
PO100325,TYRES 4U,,13/06/2024,,,wdrc backhoe,1206.0,120.6,1326.6,billed,"",13/06/2024 08:32,Kieran Smith
PO100326,DYNAMIC WHEELS,,13/06/2024,,,"4x cruiser wheels
cr&tw baker",312.0,31.2,343.2,billed,"",13/06/2024 08:36,Kieran Smith
PO100328,TYRES 4U,,13/06/2024,,,2x 38565225,1134.0,113.4,1247.4,billed,"",13/06/2024 11:09,Kieran Smith
PO100329,Keith Crawleys Industrial and Rural Supplies,,13/06/2024,,,"RBY
Water tanker
Unit TR017

couplers and water piping",218.2,21.82,240.02,billed,"",13/06/2024 11:13,David Smith
PO100330,TOOWOOMBA TRUCK SPARES,,13/06/2024,,,"RBY
Water Tanker TR029
Rego YQ61MX

4x Trailing arm pins and nuts
8x Trailing arm bushes
For rocker box spring suspension on trailer",90.16,9.02,99.18,billed,"",13/06/2024 13:25,David Smith
PO100331,DYNAMIC WHEELS,,14/06/2024,,,5x trailer wheels for l&k baker,390.0,39.0,429.0,billed,"",14/06/2024 09:29,Kieran Smith
PO100332,ATLAS TYRES,,14/06/2024,,,stock,7416.0,741.6,8157.6,billed,"",14/06/2024 10:38,Kieran Smith
PO100333,REMA TIP TOP AUSTRALIA PTY LTD,,14/06/2024,,,supplies,1888.67,188.87,2077.54,billed,"",14/06/2024 10:58,Kieran Smith
PO100334,MICHELIN AUSTRALIA PTY LTD,,14/06/2024,,,"2x 2358516 km3
Brodie budd",646.0,64.6,710.6,billed,"",14/06/2024 11:48,Kieran Smith
PO100321/1,REPCO Chinchilla,,12/06/2024,,,"Suzui Speed
Landcruiser rego 091VPR

1x 50mm steering damper
2x super pro radius arm to diff bush kit offset",168.0,16.8,184.8,billed,"",14/06/2024 13:34,David Smith
PO100335,TOP TYRES AUSTRAILIA PTY LTD,,17/06/2024,,,1x tube and rust band,246.0,24.6,270.6,billed,"",17/06/2024 07:43,Kieran Smith
PO100316/1,REPCO Chinchilla,,12/06/2024,,,"Stock

2x 20ltr 50 weight trans oil penrite
1x 20ltr 85w-140 gear oil penrite",285.21,28.52,313.73,billed,"",17/06/2024 11:42,David Smith
PO100336,REPCO Chinchilla,,17/06/2024,,,"QGC (fleet plus)
Toyota hilux
Rego 017YVX

1x Altenator (DXA4184)",370.0,37.0,407.0,billed,"",17/06/2024 11:44,David Smith
PO100337,Statewide Bearings,,17/06/2024,,,"RBY
2x seal
1x ketway steel",23.0,2.3,25.3,billed,"",17/06/2024 15:03,David Smith
PO100338,REPCO Chinchilla,,18/06/2024,,,"PG & JM Thornton
Toyota Hilux
Rego 577VQA

1x Service Kit ( RSK2C )",112.27,11.23,123.5,billed,"",18/06/2024 11:23,David Smith
PO100339,TYRES 4U,,18/06/2024,,,stock/ willoise grazing,1116.0,111.6,1227.6,billed,"",18/06/2024 13:03,Kieran Smith
PO100340,TOP TYRES AUSTRAILIA PTY LTD,,18/06/2024,,,stock tyres,1116.0,111.6,1227.6,billed,"",18/06/2024 13:06,Kieran Smith
PO100341,REPCO Chinchilla,,19/06/2024,,,"RBY
HV024

1x Hella fan fare horn 12v 112db part # 6005",81.5,8.15,89.65,billed,"",19/06/2024 14:06,David Smith
PO100342,TOOWOOMBA TRUCK SPARES,,19/06/2024,,,"RBY
TR026

2x 6"" u-bolt clamps",33.0,3.3,36.3,billed,"",19/06/2024 14:08,David Smith
PO100343,TOOWOOMBA TRUCK SPARES,,19/06/2024,,,"RBY
HV004

1x Cabin air blower kit - metric",56.6,5.66,62.26,billed,"",19/06/2024 14:10,David Smith
PO100344,Western Truck Group,,19/06/2024,,,"RBY
Mack granite 
Rego XB77CS
Unit HV024

1x bendix brake valve under turntable (service brake)
1x passanger door latch
4x air tank drain cock-valve
1x steering wheel horn button/face",1308.19,130.82,1439.01,billed,"",19/06/2024 14:19,David Smith
PO100345,TOOWOOMBA TRUCK SPARES,,19/06/2024,,,"RBY
HV007

2x phillips trailer socket 7 pin
1x MG650 black mudguard
6x truck mate 4 bolt mudguard snails
1x truck mate mudguard pole",247.34,24.73,272.07,billed,"",19/06/2024 14:48,David Smith
PO100346,process systems,,19/06/2024,,,"RBY
TR026

1x DN150 butterfly valve with handle (manual)",240.0,24.0,264.0,billed,"",19/06/2024 14:49,David Smith
PO100347,TOP TYRES AUSTRAILIA PTY LTD,,20/06/2024,,,stock,1692.0,169.2,1861.2,billed,"",20/06/2024 09:13,Kieran Smith
PO100348,Black Truck & AG,,20/06/2024,,,"SG Fleet
2017 Isuzu NPS Series
Rego 045XOE

1x left front wheel speed sensor (ABS)
1x left front wheel speed sensor extenston cable (ABS)
1x axel seals left front hub
1x hub seals left front",1256.34,125.63,1381.97,billed,"",20/06/2024 09:15,David Smith
PO100349,TOP TYRES AUSTRAILIA PTY LTD,,20/06/2024,,,"Willoise Grazing
Brodie Budd (call when arrive)

2x 600-9 ZM-806 Zowin 12ply forklift tyres",228.0,22.8,250.8,billed,"",20/06/2024 10:12,David Smith
PO100350,TREADCARE QLD PTY LTD,,20/06/2024,,,"",2844.0,284.4,3128.4,billed,"",20/06/2024 10:29,Kieran Smith
PO100351,Power Crank,,20/06/2024,,,mustang battery,100.04,10.0,110.04,billed,"",20/06/2024 13:15,David Smith
PO100352,TYREMAX,,20/06/2024,,,"Taroom Shop

2x 265/70R16 Maxxis AT771",430.24,43.02,473.26,billed,"",20/06/2024 14:42,David Smith
PO100354,Savcom,,21/06/2024,,,stock,1748.9,174.89,1923.79,billed,"",21/06/2024 10:56,Kieran Smith
PO100355,REPCO Chinchilla,,21/06/2024,,,"Wayne Dark
For Territory
Rego 700KF4

2x Rear inner cv shaft oil seals part# 98258 kelpro",52.0,5.2,57.2,billed,"",21/06/2024 11:15,David Smith
PO100356,Wandoan Home Hardware,,21/06/2024,,,Paint for workshop,39.91,3.99,43.9,billed,"",21/06/2024 11:16,David Smith
PO100357,ATLAS TYRES,,21/06/2024,,,stock,4080.0,408.0,4488.0,billed,"",21/06/2024 11:52,Kieran Smith
PO100358,Bridgestone Australia,,21/06/2024,,,"Stock

20x 265/65R17 697",5192.2,519.22,5711.42,billed,"",21/06/2024 14:23,David Smith
PO100359,TYRES 4U,,21/06/2024,,,thinus 2x 2657117 qouted 380+ gst and 2 2657516 for stock,1098.0,109.8,1207.8,billed,"",21/06/2024 16:01,Kieran Smith
PO100360,TOP TYRES AUSTRAILIA PTY LTD,,24/06/2024,,,stock tyres,1776.0,177.6,1953.6,billed,"",24/06/2024 09:05,Kieran Smith
PO100344/1,Western Truck Group,,19/06/2024,,,"RBY
Mack granite 
Rego XB77CS
Unit HV024

1x bendix brake valve under turntable (service brake)
1x passanger door latch
4x air tank drain cock-valve
1x steering wheel horn button/face",137.39,13.74,151.13,billed,"",24/06/2024 10:46,David Smith
PO100361,MICHELIN AUSTRALIA PTY LTD,,24/06/2024,,,stock and beacon hill pastrol,1043.68,104.37,1148.05,billed,"",24/06/2024 10:47,Kieran Smith
PO100362,TOP TYRES AUSTRAILIA PTY LTD,,24/06/2024,,,"new tyres for fine design constructions

5x 33x12.50R20LT kenda R/T",1490.0,149.0,1639.0,billed,"",24/06/2024 13:59,Kieran Smith
PO100363,REPCO Chinchilla,,24/06/2024,,,"Sue Col 0476641441
Quote# 10294
Holden VY Commodore
Rego 64SIN

1x V2037KCZHS - head gasket set
1x WP9000RP - water pump
1x DT22B-BP - thermostat
1x DTG46 - thermostat gasket
2x HBS088H - head bolt set
6x BPR6EFS-15 - NGK spark plugs
1x Z154 - oil filter",114.25,11.43,125.68,billed,"",24/06/2024 14:01,David Smith
PO100364,Power Crank,,24/06/2024,,,"Stock Please send ASAP

2X EXSNX120-7LSMF
1X EFBEXSN150RSMF
5X N70ZZMSMF
6X EXSNX120-7SCMF
3X NS70SMF
2X STX30-BS
4X SVXT-1
6X 12N24-3SMF
6X 12N24-4SMF",4032.73,403.27,4436.0,billed,"",24/06/2024 14:09,David Smith
PO100365,Western Truck Group,,25/06/2024,,,"RBY
Volvo Prime Mover
Rego 773TNF
Unit# HV007

1x Brake air ram",800.45,80.05,880.5,billed,"",25/06/2024 09:54,David Smith
PO100366,AL-KO International Pty Ltd,,24/06/2024,,,"Paul Mayman
Caravan

1x Set of leaf springs",609.84,60.98,670.82,billed,"",26/06/2024 09:21,David Smith
PO100367,TYRES 4U,,26/06/2024,,,3 x RR99 11R double coin trailser tyres to be delivered to Clermont for Aglife - Andrew Saal.,837.0,83.7,920.7,billed,"",26/06/2024 14:41,Troy
PO100368,REPCO Chinchilla,,26/06/2024,,,speakers,47.5,4.75,52.25,billed,"",26/06/2024 16:01,Kieran Smith
PO100369,REPCO Chinchilla,,27/06/2024,,,Starter motor for 373ZEH QGC vehicle plus a spare,263.0,26.3,289.3,billed,"",27/06/2024 13:58,Kieran Smith
PO100370,ATLAS TYRES,,27/06/2024,,,"Jordan Anderson (Avonmore)
Invoice PO# HOMEMADETOA

10x 11R22.5 Windpower WGC28",2790.0,279.0,3069.0,billed,"",27/06/2024 15:35,Kieran Smith
PO100371,Western Truck Group,,28/06/2024,,,"RBY
Volvo
Rego XB60ER
Unit HV025

1x Service Kit (engine)",195.0,19.5,214.5,billed,"",28/06/2024 09:03,David Smith
PO100372,REPCO Chinchilla,,28/06/2024,,,"RBY
HV004

1x RHLRK2 (headlight restoration kit)",44.55,4.46,49.01,billed,"",28/06/2024 09:08,David Smith
PO100373,REPCO Chinchilla,,28/06/2024,,,"RBY
Volvo FM 500
Rego 774TNF
Unit HV004

2x Front park/indicator light bull bar",280.0,28.0,308.0,billed,"",28/06/2024 09:19,David Smith
PO100374,TOOWOOMBA TRUCK SPARES,,28/06/2024,,,"RBY
Unit HV004 & TR028

3x RM615A-A REAR MARKER LH 600X150MM ALUM
3x RM615B-A REAR MARKER RH 600X150MM ALUM",105.42,10.54,115.96,billed,"",28/06/2024 09:29,David Smith
PO100363/1,REPCO Chinchilla,,24/06/2024,,,"Sue Col 0476641441
Quote# 10294
Holden VY Commodore
Rego 64SIN

1x V2037KCZHS - head gasket set
1x WP9000RP - water pump
1x DT22B-BP - thermostat
1x DTG46 - thermostat gasket
2x HBS088H - head bolt set
6x BPR6EFS-15 - NGK spark plugs
1x Z154 - oil filter",278.95,27.9,306.85,billed,"",28/06/2024 14:09,David Smith
PO100363/2,REPCO Chinchilla,,24/06/2024,,,"Sue Col 0476641441
Quote# 10294
Holden VY Commodore
Rego 64SIN

1x V2037KCZHS - head gasket set
1x WP9000RP - water pump
1x DT22B-BP - thermostat
1x DTG46 - thermostat gasket
2x HBS088H - head bolt set
6x BPR6EFS-15 - NGK spark plugs
1x Z154 - oil filter",58.5,5.85,64.35,billed,"",28/06/2024 14:10,David Smith
PO100375,Toyo Tyre Australia pty ltd,,29/06/2024,,,4 x 265/65r18 AT3 Toyo for T&W Earthworks,1494.0,149.4,1643.4,billed,"",29/06/2024 10:40,David Smith
PO100376,Toyo Tyre Australia pty ltd,,01/07/2024,,,"Ventia
Rig 23
Quote number 10318

2x 265/65R17 toyo opat3
2x 225/70R17 opat3 for stock",1060.0,106.0,1166.0,billed,"",01/07/2024 08:44,David Smith
PO100377,REPCO Chinchilla,,01/07/2024,,,"Stock

6x Z418 oil filters",88.08,8.81,96.89,billed,"",01/07/2024 10:38,David Smith
PO100369/1,REPCO Chinchilla,,27/06/2024,,,Starter motor for 373ZEH QGC vehicle plus a spare,263.0,26.3,289.3,billed,"",01/07/2024 10:57,Kieran Smith
PO100378,TREADCARE QLD PTY LTD,,01/07/2024,,,,3030.5,303.05,3333.55,billed,"",01/07/2024 15:01,Kieran Smith
PO100378/1,TREADCARE QLD PTY LTD,,01/07/2024,,,,1240.0,124.0,1364.0,billed,"",02/07/2024 09:49,Kieran Smith
PO100379,DYNAMIC WHEELS,,02/07/2024,,,4 x wheels from Dynamic Wheel co fro Sean from South East Welding. Dawsons haulage to pick up,1260.0,126.0,1386.0,billed,"",02/07/2024 12:20,Troy
PO100380,TOP TYRES AUSTRAILIA PTY LTD,,02/07/2024,,,4 x Kenda RT 33x12.5r20 for Sean at South East Welding.,1192.0,119.2,1311.2,billed,"",02/07/2024 12:27,Troy
PO100381,TAROOM MOTORS,,02/07/2024,,,"Thornton

1x Bi Pin 100w Globe",23.64,2.36,26.0,billed,"",03/07/2024 11:03,David Smith
PO100382,TOP TYRES AUSTRAILIA PTY LTD,,03/07/2024,,,new stock tyres,1776.0,177.6,1953.6,billed,"",03/07/2024 12:39,Kieran Smith
PO100383,Power Crank,,03/07/2024,,,"Stock

3x NS70SMF
4x DIN66HSMF
7x EXSNX120-7SMF
3x EXSN100LSMF
2x 31ASMF
3x MF85-550
2x MF85R-550",3238.26,323.83,3562.09,billed,"",03/07/2024 13:16,David Smith
PO100384,YOKOHAMA TYRE AUST PTY LTD,,03/07/2024,,,4 tyres for ozmoflo summit fleet,971.64,97.16,1068.8,billed,"",03/07/2024 15:48,Kieran Smith
PO100385,TYRES 4U,,03/07/2024,,,stock,251.1,25.11,276.21,billed,"",03/07/2024 16:28,Kieran Smith
PO100386,Black Truck & AG,,04/07/2024,,,"1x 1835620781(when arrives)
1x 1483200122
Thank you.",1202.69,120.27,1322.96,billed,"",04/07/2024 09:08,Kieran Smith
PO100387,REPCO Chinchilla,,04/07/2024,,,"Craig Cook

1x Z201 Fuel filter
1x Z547 Oil filter",47.75,4.78,52.53,billed,"",04/07/2024 09:08,David Smith
PO100388,REPCO Chinchilla,,04/07/2024,,,uhf for truck,287.0,28.7,315.7,billed,"",04/07/2024 11:45,Kieran Smith
PO100389,Decked Out Auto,,26/06/2024,,,"CR & TW Baker

2x bullbar lamp",62.73,6.27,69.0,billed,"",04/07/2024 13:24,David Smith
PO100390,Gadget City,,04/07/2024,,,"QGC
Hi-lux
Rego 603YWI

Driver Lee 04002536911 
Driver 2 Jimmy 0448208660
Call when arrives
Already charged out to fleet plus

1x Oricom hand peice",116.36,11.64,128.0,billed,"",04/07/2024 13:52,David Smith
PO100391,Freight company,,04/07/2024,,,Freight for the work ute to be brought from Townsville to Wandoan,0.0,0.0,0.0,pending,"",04/07/2024 19:51,Troy
PO100393,REMA TIP TOP AUSTRALIA PTY LTD,,05/07/2024,,,stock,609.24,60.92,670.16,billed,"",05/07/2024 11:19,David Smith
PO100394,GCM agencies PTY.LTD,,05/07/2024,,,service kit minus oil.,418.0,41.8,459.8,billed,"",05/07/2024 12:14,David Smith
PO100395,HASTINGS DEERING,,05/07/2024,,,,155.58,15.56,171.14,billed,"",05/07/2024 12:45,David Smith
PO100396,TOP TYRES AUSTRAILIA PTY LTD,,05/07/2024,,,,192.0,19.2,211.2,billed,"",05/07/2024 15:20,David Smith
PO100397,BSC MOTION TECHNOLOGY,,08/07/2024,,,"Wandoan Coal and Stock

4x wandoan coal
2x stock",159.12,15.91,175.03,billed,"",08/07/2024 09:50,Kieran Smith
PO100398,Western Truck Group,,08/07/2024,,,"RBY
Volvo HV004
Rego 774TNF
PO# 60153
1x 22647913 Gear shifter",3356.14,335.61,3691.75,billed,"",08/07/2024 09:56,Kieran Smith
PO100399,BLACK TOYOTA,,08/07/2024,,,wipers for hilux kelvin,156.95,15.7,172.65,billed,"",08/07/2024 10:24,Kieran Smith
PO100400,TYRES 4U,,09/07/2024,,,"Koatani Pastrol
Jacko 0448021225

4x 265/65R18 Cooper AT3 $435 plus fitting",1530.6,153.06,1683.66,billed,"",09/07/2024 09:09,David Smith
PO100401,Corbets Parts & Industrial,,09/07/2024,,,"RBY
Cat Loader
Unit# LD009

1x Fuel filter (P551110)",49.11,4.91,54.02,billed,"",09/07/2024 13:21,David Smith
PO100395/1,HASTINGS DEERING,,05/07/2024,,,,1276.0,127.6,1403.6,billed,"",09/07/2024 13:51,David Smith
PO100402,TYRES 4U,,09/07/2024,,,"Avonmore Grazing
Jordan Anderson

2x 10.5-20
Quoted $410inc",598.0,59.8,657.8,billed,"",09/07/2024 14:26,David Smith
PO100403,REPCO Chinchilla,,10/07/2024,,,"SG Fleet and Workshop

1x breakaway switch (2010-P-AUS)
3x 7 pin round small trailer plug (82131BL)
6x torx center pull hand towel
3x Dual midi fuse holders (acx6514)
5x midi fuse holder single (acx6514)
1x pack 40amp midi fuses
1x 50amp manual reset cb (acx1843)",116.75,11.68,128.43,billed,"",10/07/2024 14:07,David Smith
PO100404,Nutrien,,10/07/2024,,,"Workshop

Oil Bottles",14.2,1.42,15.62,billed,"",10/07/2024 14:56,David Smith
PO100405,KWT Imports,,10/07/2024,,,"Lorraine Booth 0428275158

2x 16 inch push pike tyres 1.75x16",35.9,3.59,39.49,billed,"",10/07/2024 15:18,David Smith
PO100406,Bridgestone Australia,,11/07/2024,,,"Stock

20x 265/65R17 697
4x 245/70R16 697",6184.76,618.48,6803.24,billed,"",11/07/2024 08:13,David Smith
PO100407,REPCO Chinchilla,,11/07/2024,,,"Workshop

7x RSK31C
3x RSK28C
3x Z418
4x Brake Clean 20Ltr drums
2x Sealed junction box 115x65x40mm",1147.0,114.7,1261.7,billed,"",11/07/2024 12:21,David Smith
PO100408,BLACK TOYOTA,,11/07/2024,,,"Kelvin Smith 0419675634

Wiper arm assembly's left and right
1x Handbrake cable assembly",589.31,58.93,648.24,billed,"",11/07/2024 14:34,David Smith
PO100409,YOKOHAMA TYRE AUST PTY LTD,,11/07/2024,,,stock tyres,2723.0,272.3,2995.3,billed,"",11/07/2024 14:41,Kieran Smith
PO100410,Savcom,,12/07/2024,,,stock,2705.8,270.58,2976.38,billed,"",12/07/2024 12:43,David Smith
PO100411,TOP TYRES AUSTRAILIA PTY LTD,,12/07/2024,,,stock,196.0,19.6,215.6,billed,"",12/07/2024 13:16,Kieran Smith
PO100413,REPCO Chinchilla,,15/07/2024,,,"Workshop

4x permatex super glue 28g (PX49450)
1x 20mtr air line (MPBAH20)",107.08,10.71,117.79,billed,"",15/07/2024 09:21,David Smith
PO100407/1,REPCO Chinchilla,,11/07/2024,,,"Workshop

7x RSK31C
3x RSK28C
3x Z418
4x Brake Clean 20Ltr drums
2x Sealed junction box 115x65x40mm",475.0,47.5,522.5,billed,"",15/07/2024 11:53,David Smith
PO100407/2,REPCO Chinchilla,,11/07/2024,,,"Workshop

7x RSK31C
3x RSK28C
3x Z418
4x Brake Clean 20Ltr drums
2x Sealed junction box 115x65x40mm",180.0,18.0,198.0,billed,"",15/07/2024 11:54,David Smith
PO100403/1,REPCO Chinchilla,,10/07/2024,,,"SG Fleet and Workshop

1x breakaway switch (2010-P-AUS)
3x 7 pin round small trailer plug (82131BL)
6x torx center pull hand towel
3x Dual midi fuse holders (acx6514)
5x midi fuse holder single (acx6514)
1x pack 40amp midi fuses
1x 50amp manual reset cb (acx1843)",132.0,13.2,145.2,billed,"",15/07/2024 11:59,David Smith
PO100403/2,REPCO Chinchilla,,10/07/2024,,,"SG Fleet and Workshop

1x breakaway switch (2010-P-AUS)
3x 7 pin round small trailer plug (82131BL)
6x torx center pull hand towel
3x Dual midi fuse holders (acx6514)
5x midi fuse holder single (acx6514)
1x pack 40amp midi fuses
1x 50amp manual reset cb (acx1843)",24.0,2.4,26.4,billed,"",15/07/2024 12:00,David Smith
PO100395/2,HASTINGS DEERING,,05/07/2024,,,,173.56,17.36,190.92,billed,"",15/07/2024 13:18,David Smith
PO100414,REPCO Chinchilla,,15/07/2024,,,"Wayne Dark
Ford Territory
Rego 700KF4

1x Transmission service kit (GFS615) ASAP",46.0,4.6,50.6,paid,"",15/07/2024 14:02,David Smith
PO100415,ATLAS TYRES,,15/07/2024,,,"Stock
10x 11R22.5 windpower WDC53 (8x for Avonmore Jordan Anderson)
10x 11R22.5 Windforce WA1060 
4x 275/70R22.5 X Caliber",5986.0,598.6,6584.6,billed,"",15/07/2024 15:28,David Smith
PO100416,TYREMAX,,15/07/2024,,,stock and greg p,2097.36,209.74,2307.1,billed,"",15/07/2024 16:59,Kieran Smith
PO100417,Power Crank,,16/07/2024,,,Tony castle and freight to invoice.,134.09,13.41,147.5,billed,"",16/07/2024 08:52,Kieran Smith
PO100418,REPCO Chinchilla,,16/07/2024,,,"Fine Design

1x rack end right",44.75,4.48,49.23,billed,"",16/07/2024 09:24,David Smith
PO100419,MICHELIN AUSTRALIA PTY LTD,,16/07/2024,,,willoise,1532.0,153.2,1685.2,billed,"",16/07/2024 10:41,Kieran Smith
PO100420,REPCO Chinchilla,,16/07/2024,,,"Suzi Speed

2x rear shockies",260.82,26.08,286.9,billed,"",16/07/2024 15:06,David Smith
PO100421,REPCO Chinchilla,,17/07/2024,,,"Toyota Hi-lux
rego 531JRS

1x altenator
1x drive belt",361.0,36.1,397.1,billed,"",17/07/2024 09:06,David Smith
PO100422,MICHELIN AUSTRALIA PTY LTD,,17/07/2024,,,willoise,2258.2,225.82,2484.02,billed,"",17/07/2024 11:50,David Smith
PO100423,FREEDOM TYRES,,17/07/2024,,,"Tyres to be collected Dawson Haulage

1x 26.5R25 Aeolus E3/L3
1x 23.5R25 Aelous E3/L3",4800.0,480.0,5280.0,billed,"",17/07/2024 13:45,David Smith
PO100424,REPCO Chinchilla,,17/07/2024,,,"Suzui Speed
landcruiser 100 series
Rego 501ILS

1x Radiator
1x Radiator Cap (if doesnt come with one)
1x top rad hose
1x bottom rad hose",11.0,1.1,12.1,billed,"",17/07/2024 13:56,David Smith
PO100425,REPCO Chinchilla,,17/07/2024,,,"Suzi Speed
Landcruiser 100 series
rego 501ILS

2x Front sway bar link (kelpro KSL9165)",83.0,8.3,91.3,billed,"",17/07/2024 14:29,David Smith
PO100420/1,REPCO Chinchilla,,16/07/2024,,,"Suzi Speed

2x rear shockies",81.82,8.18,90.0,billed,"",17/07/2024 14:34,David Smith
PO100426,REPCO Chinchilla,,17/07/2024,,,"Caenby Cattle Co
Charlie Edwards

1x 68236BL - Narva Electronic Flasher 12V 3 Pin",44.0,4.4,48.4,billed,"",17/07/2024 15:18,David Smith
PO100427,Wandoan Home Hardware,,17/07/2024,,,Workshop,51.64,5.16,56.8,billed,"",17/07/2024 15:22,David Smith
PO100428,REPCO Chinchilla,,18/07/2024,,,"Suzi Speed
landcruiser 100 series
rego 501ILS

2x wheel bearing kit (WBK5018)
2x Spindle needle bearing (081-131658)
2x axel spindle bush (041-131955)",350.0,35.0,385.0,billed,"",18/07/2024 09:12,David Smith
PO100429,TYRES 4U,,18/07/2024,,,"Taroom Stock

4x 265/75R16 cooper at3",982.32,98.23,1080.55,billed,"",18/07/2024 10:32,David Smith
PO100430,TOOWOOMBA TRUCK SPARES,,18/07/2024,,,"RBY
2018 Western Star
Rego XB42HQ
Unit HV016

1x headlight right hand outer
1x Mounting bracket",837.3,83.73,921.03,billed,"",18/07/2024 13:12,David Smith
PO100431,ROH WHEELS AUSTRALIA,,18/07/2024,,,4 x Graphite Assult wheels to be delivered to Wandoan. $310 + g freight included. for Sean Boucher. South east welding.,1240.0,124.0,1364.0,billed,"",18/07/2024 14:12,Troy
PO100432,TOP TYRES AUSTRAILIA PTY LTD,,18/07/2024,,,,1184.0,118.4,1302.4,billed,"",18/07/2024 14:16,Troy
PO100433,MX Store,,18/07/2024,,,"Sarah & Cameron Webster

3x Spark plug",58.77,5.88,64.65,billed,"",18/07/2024 15:30,David Smith
PO100434,REPCO Chinchilla,,19/07/2024,,,"Adam Taroom

1x O2 Sensor (OZA683-EE3)",157.0,15.7,172.7,billed,"",19/07/2024 08:37,David Smith
PO100435,REPCO Chinchilla,,19/07/2024,,,"Stock

2x Altenator",878.0,87.8,965.8,billed,"",19/07/2024 09:33,David Smith
PO100436,NTAW,,19/07/2024,,,Tyres for \Sterny,1375.9,137.59,1513.49,billed,"",19/07/2024 09:55,Troy
PO100403/3,REPCO Chinchilla,,10/07/2024,,,"SG Fleet and Workshop

1x breakaway switch (2010-P-AUS)
3x 7 pin round small trailer plug (82131BL)
6x torx center pull hand towel
3x Dual midi fuse holders (acx6514)
5x midi fuse holder single (acx6514)
1x pack 40amp midi fuses
1x 50amp manual reset cb (acx1843)",54.0,5.4,59.4,billed,"",19/07/2024 11:00,David Smith
PO100428/1,REPCO Chinchilla,,18/07/2024,,,"Suzi Speed
landcruiser 100 series
rego 501ILS

2x wheel bearing kit (WBK5018)
2x Spindle needle bearing (081-131658)
2x axel spindle bush (041-131955)",72.0,7.2,79.2,paid,"",19/07/2024 13:41,David Smith
PO100437,REPCO Chinchilla,,23/07/2024,,,"Fine Design
Triton
Rego 676EL8

1x left front CV shaft 3inch lift",209.0,20.9,229.9,billed,"",23/07/2024 08:49,David Smith
PO100438,REPCO Chinchilla,,23/07/2024,,,"RBY
Hilux 
rego 517ZLV
unit LV033

1x XRS-370C - GME UHF CB RADIO XRS CONNECT COMPACT (XRS-370C)",531.0,53.1,584.1,billed,"",23/07/2024 09:26,David Smith
PO100439,REPCO Chinchilla,,23/07/2024,,,"RBY
Tandem Trailer
Unit TO023

2x 50mm grease caps 2 pack
2x 40mm grease caps 2 pack
1x JW10SUHD - ARK HEAVY DUTY JOCKEY WHEEL",214.0,21.4,235.4,billed,"",23/07/2024 10:37,David Smith
PO100441,REPCO Chinchilla,,24/07/2024,,,"Wayne Dark

1x Trans service kit (GFS85)
please send out asap
both rear brake lines",23.0,2.3,25.3,billed,"",24/07/2024 07:57,David Smith
PO100442,NTAW,,24/07/2024,,,"Lucy 2 x 235/55r18 Cooper.

2 for stock",884.72,88.47,973.19,billed,"",24/07/2024 10:33,David Smith
PO100424/1,REPCO Chinchilla,,17/07/2024,,,"Suzui Speed
landcruiser 100 series
Rego 501ILS

1x Radiator
1x Radiator Cap (if doesnt come with one)
1x top rad hose
1x bottom rad hose",34.0,3.4,37.4,billed,"",24/07/2024 10:49,David Smith
PO100424/2,REPCO Chinchilla,,17/07/2024,,,"Suzui Speed
landcruiser 100 series
Rego 501ILS

1x Radiator
1x Radiator Cap (if doesnt come with one)
1x top rad hose
1x bottom rad hose",499.0,49.9,548.9,billed,"",24/07/2024 10:51,David Smith
PO100443,Power Crank,,24/07/2024,,,":::EXSNX120-7LSMF - EXSNX120-7L 4X4 1000 CCA SMF
Supplier Stock No. EXSNX120-7LSMF
5$154.55$772.75
:::EFBEXSN150RSMF - Extreme Series Enhanced Flooded Stop Start Battery
Supplier Stock No. EFBEXSN150RSMF
2$296.00$592.00
:::EXSN120RSMF - EXSN120 Truck 1250cca SMF
Supplier Stock No. EXSN120RSMF
2$211.39$422.78
:::N70ZZMSMF - N70ZZ Dual purpose marine series battery
Supplier Stock No. N70ZZMSMF
6$159.10$954.6000
:::DIN66HSMF - European series starting battery
Supplier Stock No. RTBKLM2
5$123.86$619.30
:::NPCMX-1 - Power AGM MX-1 Motor Cycle Battery
Supplier Stock No. NPCMX1
2$89.38$178.76
:::12N24-3SMF - Lawnmower series starting battery
Supplier Stock No. 12N24-3SMF
2$63.26$126.52
:::12N24-4SMF - Lawnmower series starting battery
Supplier Stock No. 12N24-4SMF
1$63.26$63.26

These batteries below as well please.
2x ytx16
2x ns60asmf
2x n60smf
1x n60lsmf",3729.97,373.0,4102.97,billed,"",24/07/2024 11:18,Kieran Smith
PO100444,TYREMAX,,24/07/2024,,,"Juandah Agg Trust
Trevor Stuber

4x 285/60R18 maxxis",1625.28,162.53,1787.81,billed,"",24/07/2024 11:35,David Smith
PO100445,TOP TYRES AUSTRAILIA PTY LTD,,24/07/2024,,,rim,108.0,10.8,118.8,billed,"",24/07/2024 13:11,Kieran Smith
PO100446,TOOWOOMBA TRUCK SPARES,,24/07/2024,,,"RBY
HV016

1x headlight assy",1140.18,114.02,1254.2,billed,"",24/07/2024 14:05,David Smith
PO100447,TOP TYRES AUSTRAILIA PTY LTD,,25/07/2024,,,"Stock

6x 185R14
4x 165R13",548.0,54.8,602.8,billed,"",25/07/2024 09:58,David Smith
PO100450,Power Crank,,26/07/2024,,,"2x ytx16
2x ns60asmf
2x n60smf
1x n60lsmf",560.46,56.05,616.51,billed,"",26/07/2024 09:12,David Smith
PO100451,TOP TYRES AUSTRAILIA PTY LTD,,26/07/2024,,,"Rodney Harth

1x 7.50-16 MRF",220.0,22.0,242.0,billed,"",26/07/2024 11:34,David Smith
PO100452,Toyo Tyre Australia pty ltd,,26/07/2024,,,"Ventia

1x 265/65R17 opat3 plus 4x for stock",1242.5,124.25,1366.75,billed,"",26/07/2024 13:09,David Smith
PO100441/1,REPCO Chinchilla,,24/07/2024,,,"Wayne Dark

1x Trans service kit (GFS85)
please send out asap
both rear brake lines",68.0,6.8,74.8,billed,"",26/07/2024 13:50,David Smith
PO100424/3,REPCO Chinchilla,,17/07/2024,,,"Suzui Speed
landcruiser 100 series
Rego 501ILS

1x Radiator
1x Radiator Cap (if doesnt come with one)
1x top rad hose
1x bottom rad hose",25.5,2.55,28.05,billed,"",26/07/2024 14:08,David Smith
PO100439/1,REPCO Chinchilla,,23/07/2024,,,"RBY
Tandem Trailer
Unit TO023

2x 50mm grease caps 2 pack
2x 40mm grease caps 2 pack
1x JW10SUHD - ARK HEAVY DUTY JOCKEY WHEEL",27.28,2.73,30.01,billed,"",26/07/2024 14:13,David Smith
PO100439/2,REPCO Chinchilla,,23/07/2024,,,"RBY
Tandem Trailer
Unit TO023

2x 50mm grease caps 2 pack
2x 40mm grease caps 2 pack
1x JW10SUHD - ARK HEAVY DUTY JOCKEY WHEEL",37.44,3.74,41.18,billed,"",26/07/2024 14:14,David Smith
PO100453,TOP TYRES AUSTRAILIA PTY LTD,,29/07/2024,,,Lee Gould. 420/70R24 Ling Long,810.0,81.0,891.0,billed,"",29/07/2024 08:36,Troy
PO100454,TOP TYRES AUSTRAILIA PTY LTD,,29/07/2024,,,3x225/60r18 Ling long,288.0,28.8,316.8,billed,"",29/07/2024 08:58,Troy
PO100428/2,REPCO Chinchilla,,18/07/2024,,,"Suzi Speed
landcruiser 100 series
rego 501ILS

2x wheel bearing kit (WBK5018)
2x Spindle needle bearing (081-131658)
2x axel spindle bush (041-131955)",66.5,6.65,73.15,billed,"",29/07/2024 11:04,David Smith
PO100455,REPCO Chinchilla,,29/07/2024,,,"Sternys Ute

1x GME Antenna part# AW4704B",184.0,18.4,202.4,billed,"",29/07/2024 11:06,David Smith
PO100456,MICHELIN AUSTRALIA PTY LTD,,29/07/2024,,,"KC Donohoe & sons

4x 245/60R18",963.6,96.36,1059.96,billed,"",29/07/2024 14:57,David Smith
PO100457,TREADCARE QLD PTY LTD,,29/07/2024,,,"2 x 420/70r24
1 x 11r SOD drive tyre",2185.0,218.5,2403.5,billed,"",29/07/2024 15:39,Troy
PO100458,ATLAS TYRES,,30/07/2024,,,"Stock

10x 11R22.5 windpower",2040.0,204.0,2244.0,billed,"",30/07/2024 10:55,David Smith
PO100459,MICHELIN AUSTRALIA PTY LTD,,31/07/2024,,,"Stock

1x 235/85R16 bf ko2 garth christensan 
4x 235/85R16 bf ko2 stock",1194.5,119.45,1313.95,billed,"",31/07/2024 14:19,David Smith
PO100460,BSC MOTION TECHNOLOGY,,31/07/2024,,,"Suzi speed

2x seals",30.78,3.08,33.86,billed,"",31/07/2024 15:14,David Smith
PO100461,TOP TYRES AUSTRAILIA PTY LTD,,01/08/2024,,,"Stock

2x 710/70-42 tubes",448.0,44.8,492.8,billed,"",01/08/2024 08:31,David Smith
PO100462,HASTINGS DEERING,,01/08/2024,,,"RBY
LD009

1x wiper arm assembly
2x door seals",452.15,45.22,497.37,billed,"",01/08/2024 14:21,David Smith
PO100463,REMA TIP TOP AUSTRALIA PTY LTD,,02/08/2024,,,stock,2575.73,257.57,2833.3,billed,"",02/08/2024 11:17,David Smith
PO100464,TOP TYRES AUSTRAILIA PTY LTD,,02/08/2024,,,tubes,20.0,2.0,22.0,billed,"",02/08/2024 13:46,Kieran Smith
PO100465,MICHELIN AUSTRALIA PTY LTD,,05/08/2024,,,"Willoise Grazing
Call reg when arrive 0428817647

4x 225/75R16 bf ko2",871.68,87.17,958.85,billed,"",05/08/2024 09:13,David Smith
PO100466,MILES ENGINEERING,,05/08/2024,,,"RBY
Tandem Trailer

2x 50mm grease caps",19.9,1.99,21.89,billed,"",05/08/2024 09:24,David Smith
PO100467,BLACK TOYOTA,,05/08/2024,,,"Fleet Plus (QGC)

Toyota Hi-lux
Rego 017YVX

1x Trailer lamp ECU ( SST4KW-TOY )",78.23,7.82,86.05,billed,"",05/08/2024 11:51,David Smith
PO100468,Power Crank,,05/08/2024,,,"Stock

4x N70ZZMSMF
2x N100R
2x N150L
4x DIN66HSMF
4x EXSNX120-7
3x EXSNX120-7L
1x Motorcraft BXT-65-750
Ritar 7,9,12Ah one of each",3388.52,338.85,3727.37,billed,"",05/08/2024 12:12,David Smith
PO100469,Western Truck Group,,06/08/2024,,,"RBY
HV023

1x water pump and sender as per qoute# 1045157",2383.72,238.37,2622.09,billed,"",06/08/2024 08:57,David Smith
PO100470,TOOWOOMBA TRUCK SPARES,,06/08/2024,,,"RBY
HV017

Parts for quote # 328029",1602.83,160.28,1763.11,billed,"",06/08/2024 09:02,David Smith
PO100471,NTAW,,06/08/2024,,,10x 11225 giti gam839,3600.0,360.0,3960.0,billed,"",06/08/2024 10:04,Kieran Smith
PO100472,YOKOHAMA TYRE AUST PTY LTD,,06/08/2024,,,2x 38565225 yoko 106z,1526.0,152.6,1678.6,billed,"",06/08/2024 10:10,Kieran Smith
PO100473,ATLAS TYRES,,06/08/2024,,,,6576.0,657.6,7233.6,billed,"",06/08/2024 11:06,Kieran Smith
PO100474,ATLAS TYRES,,06/08/2024,,,12 x Windforce1060 for ABH Taroom,2448.0,244.8,2692.8,billed,"",06/08/2024 14:29,Troy
PO100475,TOP TYRES AUSTRAILIA PTY LTD,,06/08/2024,,,Brenton Miller/. 4 x Ling long D960 delivered to Gympie,792.0,79.2,871.2,billed,"",06/08/2024 15:20,Troy
PO100476,TOP TYRES AUSTRAILIA PTY LTD,,07/08/2024,,,"Juandah Agg
Trevor Struber

1x 27/9.00-14 BKT",172.0,17.2,189.2,billed,"",07/08/2024 07:52,Kieran Smith
PO100477,TOP TYRES AUSTRAILIA PTY LTD,,07/08/2024,,,"GRS Solar
Quote#18 Taroom store

4x 255/70R16 nankang
5x 80-100/21 tubes for stock",764.0,76.4,840.4,billed,"",07/08/2024 10:50,David Smith
PO100478,FREEDOM TYRES,,07/08/2024,,,2x loader tyres for saxon rig 167,2900.0,290.0,3190.0,billed,"",07/08/2024 12:27,Kieran Smith
PO100479,TOOWOOMBA TRUCK SPARES,,08/08/2024,,,"Stock

10x 1/4 brass push lock air line joiners",73.3,7.33,80.63,billed,"",08/08/2024 11:47,David Smith
PO100480,REPCO Chinchilla,,08/08/2024,,,"STOCK

4x pack of zip ties 4.8x300mm
1x roll black heat shrink 3mm
1x roll red heat shrink 3mm
1x roll black heat shrink 5mm
1x roll red heat shrink 5mm",55.0,5.5,60.5,billed,"",08/08/2024 11:58,David Smith
PO100481,TOP TYRES AUSTRAILIA PTY LTD,,08/08/2024,,,"2 x 235/75r15 for Sam Lindsay
Kenda AT",272.0,27.2,299.2,billed,"",08/08/2024 15:16,Troy
PO100483,REPCO Chinchilla,,09/08/2024,,,"Stock

2x RSK25C
Please send asap",207.28,20.73,228.01,billed,"",09/08/2024 08:16,David Smith
PO100484,Toyo Tyre Australia pty ltd,,09/08/2024,,,"2x 2857516 toyo opat3
harry sims",653.0,65.3,718.3,billed,"",09/08/2024 13:09,David Smith
PO100485,TOP TYRES AUSTRAILIA PTY LTD,,09/08/2024,,,2 x 33/12.5r15 For Devlin - Vince,420.0,42.0,462.0,billed,"",09/08/2024 13:51,David Smith
PO100480/1,REPCO Chinchilla,,08/08/2024,,,"STOCK

4x pack of zip ties 4.8x300mm
1x roll black heat shrink 3mm
1x roll red heat shrink 3mm
1x roll black heat shrink 5mm
1x roll red heat shrink 5mm",50.05,5.01,55.06,processed,"",12/08/2024 14:13,David Smith
PO100486,TOP TYRES AUSTRAILIA PTY LTD,,13/08/2024,,,1x 17525 bkt for mkh,940.0,94.0,1034.0,billed,"",13/08/2024 07:56,Kieran Smith
PO100487,BSC MOTION TECHNOLOGY,,13/08/2024,,,"Stock

V-Belts",166.72,16.67,183.39,billed,"",13/08/2024 11:25,David Smith
PO100488,TOP TYRES AUSTRAILIA PTY LTD,,13/08/2024,,,1 x 2557016 nankang at5,156.0,15.6,171.6,billed,"",13/08/2024 14:27,Kieran Smith
PO100489,REPCO Chinchilla,,13/08/2024,,,"Yackatoon

1x ACX1967BL 24v push button
1x 4 pin relay 24v
1x 5 pin relay 24v",60.5,6.05,66.55,billed,"",13/08/2024 14:51,David Smith
PO100490,ATLAS TYRES,,13/08/2024,,,,756.0,75.6,831.6,billed,"",13/08/2024 15:30,Kieran Smith
PO100491,TOP TYRES AUSTRAILIA PTY LTD,,13/08/2024,,,,308.0,30.8,338.8,billed,"",13/08/2024 16:33,David Smith
PO100492,TOOWOOMBA TRUCK SPARES,,14/08/2024,,,"T&W Earthworks

4x mud guards
16x hangers",386.52,38.65,425.17,billed,"",14/08/2024 09:56,David Smith
PO100493,Power Crank,,14/08/2024,,,"Stock

2x EFBEXSN120RSMF
2x EFBEXSN120SMF
1x EXSN100
1x SVXT-3",1415.85,141.59,1557.44,billed,"",14/08/2024 13:28,David Smith
PO100494,TOOWOOMBA TRUCK SPARES,,14/08/2024,,,"RBY
Western Star
Rego XQ34MR

1x Air bag left rear axel on drive",156.19,15.62,171.81,billed,"",14/08/2024 15:19,David Smith
PO100495,YOKOHAMA TYRE AUST PTY LTD,,15/08/2024,,,5 x MT 265/65r17,1200.55,120.06,1320.61,billed,"",15/08/2024 18:46,Troy
PO100496,REPCO Chinchilla,,16/08/2024,,,"Workshop

1x ET1326 Oil drain pug key set 18pc",105.0,10.5,115.5,billed,"",16/08/2024 08:37,David Smith
PO100497,REPCO Chinchilla,,16/08/2024,,,"Ford ranger
Rego 678AN4
3x sump plugs
5x R2720P oil filters",42.0,4.2,46.2,billed,"",16/08/2024 10:25,David Smith
PO100498,TOP TYRES AUSTRAILIA PTY LTD,,16/08/2024,,,2x 1956515 nankang for don adams,120.0,12.0,132.0,billed,"",16/08/2024 13:41,David Smith
PO100499,Power Crank,,19/08/2024,,,"STOCK

2x MF55D23L
1x DIN77SMF

SEND ASAP",325.76,32.58,358.34,billed,"",19/08/2024 11:07,David Smith
PO100497/1,REPCO Chinchilla,,16/08/2024,,,"Ford ranger
Rego 678AN4
3x sump plugs
5x R2720P oil filters",91.25,9.13,100.38,billed,"",20/08/2024 10:18,David Smith
PO100500,Power Crank,,20/08/2024,,,"Stock

1x DIN55SMF
2x EXSN120SMF

Send out asap",522.82,52.28,575.1,billed,"",20/08/2024 14:38,David Smith
PO100501,REPCO Chinchilla,,20/08/2024,,,"QGC
Toyota hilux
Rego 603YWI

1x radiator ( RAD1844)
1x Radiator Cap (RRC110-16

PLEASE SEND ASAP",433.5,43.35,476.85,billed,"",20/08/2024 15:00,David Smith
PO100502,TOP TYRES AUSTRAILIA PTY LTD,,21/08/2024,,,"1x 3008 tyre and tube
curly o'farrel",22.0,2.2,24.2,billed,"",21/08/2024 08:58,Kieran Smith
PO100503,Savcom,,21/08/2024,,,,71.7,7.17,78.87,billed,"",21/08/2024 11:57,Kieran Smith
PO100504,MICHELIN AUSTRALIA PTY LTD,,22/08/2024,,,,516.28,51.63,567.91,billed,"",22/08/2024 09:41,Kieran Smith
PO100505,TYREMAX,,22/08/2024,,,,972.16,97.22,1069.38,billed,"",22/08/2024 09:45,Kieran Smith
PO100506,YOKOHAMA TYRE AUST PTY LTD,,26/08/2024,,,"L&K Contracting (Lachlan Baker)

4x 285/70R17 yoko X-AT",1220.72,122.07,1342.79,billed,"",26/08/2024 09:16,David Smith
PO100504/1,MICHELIN AUSTRALIA PTY LTD,,22/08/2024,,,,774.42,77.44,851.86,billed,"",26/08/2024 10:59,Kieran Smith
PO100507,KUMHO TYRES AUSTRALIA,,26/08/2024,,,"south end cattle co
1 krd03 kumho 11225",493.0,49.3,542.3,billed,"",26/08/2024 11:42,Kieran Smith
PO100508,TREADCARE QLD PTY LTD,,26/08/2024,,,"Stock

12x 11R22.5 Enviroad",2520.0,252.0,2772.0,billed,"",26/08/2024 15:56,David Smith
PO100509,Bridgestone Australia,,27/08/2024,,,"Troy Tompkins

2x 245/70R16 duller 697",552.62,55.26,607.88,billed,"",27/08/2024 08:19,David Smith
PO100510,AUSSIE POWERSPORTS,,27/08/2024,,,"Hatton Cattle Co
Call Ned 0457250591

2x 27x11R12 Armour",367.15,36.72,403.87,billed,"",27/08/2024 08:31,David Smith
PO100512,TOP TYRES AUSTRAILIA PTY LTD,,28/08/2024,,,,70.0,7.0,77.0,billed,"",28/08/2024 09:05,Kieran Smith
PO100513,TOOWOOMBA TRUCK SPARES,,28/08/2024,,,,664.74,66.47,731.21,billed,"",28/08/2024 13:52,David Smith
PO100514,REPCO Chinchilla,,29/08/2024,,,"Clark Energy

2x R2451P
1x Z89A",26.5,2.65,29.15,billed,"",29/08/2024 13:47,David Smith
PO100515,REMA TIP TOP AUSTRALIA PTY LTD,,30/08/2024,,,,192.31,19.23,211.54,billed,"",30/08/2024 10:57,David Smith
PO100516,TOP TYRES AUSTRAILIA PTY LTD,,02/09/2024,,,stock tubes,264.0,26.4,290.4,billed,"",02/09/2024 10:30,Kieran Smith
PO100517,MICHELIN AUSTRALIA PTY LTD,,02/09/2024,,,,295.0,29.5,324.5,billed,"",02/09/2024 11:11,Kieran Smith
PO100518,YOKOHAMA TYRE AUST PTY LTD,,02/09/2024,,,,2136.06,213.61,2349.67,billed,"",02/09/2024 13:05,Kieran Smith
PO100519,ATLAS TYRES,,02/09/2024,,,,2472.0,247.2,2719.2,billed,"",02/09/2024 13:08,Kieran Smith
PO100520,TOOWOOMBA TRUCK SPARES,,02/09/2024,,,"RBY
2108 Western Star
Rego XB42HQ
Unit HV016

2x A1717310000 Bracket mounting grille bar
1x 460ARWMB LED stop/tail/ind/rev mini jumbo light
1x A0695172000 Headlamp assembly 7in (make sure will fit front left outer)
1x Ignition Barrell and key set
1x western star mud flap white 600x600",393.09,39.31,432.4,billed,"",02/09/2024 13:57,David Smith
PO100522,Supercheap Auto Services,,02/09/2024,,,"RBY
HV016

1x tool box",48.89,4.89,53.78,billed,"",02/09/2024 14:38,Kieran Smith
PO100523,TOP TYRES AUSTRAILIA PTY LTD,,02/09/2024,,,,696.0,69.6,765.6,billed,"",02/09/2024 15:37,Kieran Smith
PO100517/1,MICHELIN AUSTRALIA PTY LTD,,02/09/2024,,,,646.0,64.6,710.6,pending,"",03/09/2024 10:39,Kieran Smith
PO100514/1,REPCO Chinchilla,,29/08/2024,,,"Clark Energy

2x R2451P
1x Z89A",16.0,1.6,17.6,billed,"",03/09/2024 10:57,David Smith
PO100524,TOP TYRES AUSTRAILIA PTY LTD,,03/09/2024,,,,148.0,14.8,162.8,billed,"",03/09/2024 15:18,Kieran Smith
PO100525,YOKOHAMA TYRE AUST PTY LTD,,04/09/2024,,,205r16 Yokohama G012 AT x 4 $220 each fitted inc gst,596.0,59.6,655.6,billed,"",04/09/2024 13:32,Troy
PO100526,REPCO Chinchilla,,05/09/2024,,,"Stock

1x DXA4184
1x 7PK2050",439.0,43.9,482.9,billed,"",05/09/2024 10:25,David Smith
PO100527,NTAW,,05/09/2024,,,"Amcor

20x 11R22.5 Dcoin RR99",5580.0,558.0,6138.0,billed,"",05/09/2024 10:46,David Smith
PO100528,TOP TYRES AUSTRAILIA PTY LTD,,06/09/2024,,,"Wandoan State School
Quote# 10340
William 0438220280

2x 26x12.00-12 bkt 306
2x 20x10.00-10 bkt 306",572.0,57.2,629.2,billed,"",06/09/2024 10:09,David Smith
PO100529,REPCO Chinchilla,,06/09/2024,,,"Mazda Bravo
Rego 810HIR

1x Clutch master cylinder (KCM1683)

Send asap please",69.5,6.95,76.45,billed,"",06/09/2024 11:26,David Smith
PO100530,YOKOHAMA TYRE AUST PTY LTD,,06/09/2024,,,"Atkins Cattle
Luke Gatsby

5x 265/70R17 GO15",1197.9,119.79,1317.69,billed,"",06/09/2024 12:56,David Smith
PO100531,REPCO Chinchilla,,06/09/2024,,,"Don Adams
0456827169

Toyota Hi-lux
Rego 424KO8

1x Altenator belt (5PK865RB)",18.0,1.8,19.8,billed,"",06/09/2024 15:55,David Smith
PO100532,TOP TYRES AUSTRAILIA PTY LTD,,09/09/2024,,,"1x 2357515 kenda at2.
Sam Lindsey",136.0,13.6,149.6,billed,"",09/09/2024 08:48,Kieran Smith
PO100533,YOKOHAMA TYRE AUST PTY LTD,,09/09/2024,,,235/55r19 x 4 for Don Stiller,950.4,95.04,1045.44,billed,"",09/09/2024 09:21,Troy
PO100534,YOKOHAMA TYRE AUST PTY LTD,,09/09/2024,,,10 x XA-t for stock 2656517,2277.7,227.77,2505.47,billed,"",09/09/2024 11:28,Troy
PO100536,YOKOHAMA TYRE AUST PTY LTD,,09/09/2024,,,20 x 255/70r22.5 Advance delivered to wandoan,4480.0,448.0,4928.0,billed,"",09/09/2024 13:22,Troy
PO100537,TOOWOOMBA TRUCK SPARES,,09/09/2024,,,"RBY
Rego XQ34MR

1x front diff pinion seal
8x M8 UNF 1.00 Thread to 1/4 air line 90deg brass",117.31,11.73,129.04,billed,"",09/09/2024 13:55,David Smith
PO100538,REPCO Chinchilla,,09/09/2024,,,"Workshop

6x H4 headlight globes
6x Z418 oil filters
2x R2720P oil filters
2x 20ltr repco brake clean",127.5,12.75,140.25,billed,"",09/09/2024 14:04,David Smith
PO100539,TOP TYRES AUSTRAILIA PTY LTD,,09/09/2024,,,"2x 24x8-12
chris lawton",200.0,20.0,220.0,billed,"",09/09/2024 14:53,Kieran Smith
PO100540,AUSSIE POWERSPORTS,,09/09/2024,,,2x 25x10-12 chris lawton 0427369281,312.61,31.26,343.87,billed,"",09/09/2024 14:55,Kieran Smith
PO100541,TOP TYRES AUSTRAILIA PTY LTD,,10/09/2024,,,"Triten 0491837054
Landcruiser
Rego TJM308

2x 265/70R16 Kenda AT2",320.0,32.0,352.0,billed,"",10/09/2024 08:37,David Smith
PO100542,REPCO Chinchilla,,10/09/2024,,,"Sternie

1x socket (81025)",23.5,2.35,25.85,billed,"",10/09/2024 10:26,David Smith
PO100537/1,TOOWOOMBA TRUCK SPARES,,09/09/2024,,,"RBY
Rego XQ34MR

1x front diff pinion seal
8x M8 UNF 1.00 Thread to 1/4 air line 90deg brass",117.31,11.73,129.04,billed,"",10/09/2024 13:15,David Smith
PO100543,TOP TYRES AUSTRAILIA PTY LTD,,10/09/2024,,,"Hayden lower

4x 31x10.5R15 Kenda rt",856.0,85.6,941.6,billed,"",10/09/2024 13:28,David Smith
PO100544,REPCO Chinchilla,,11/09/2024,,,"Ventia Eastern Well
Toyota Hi-lux
Rego 425YRW
Quote# 10367",941.73,94.17,1035.9,billed,"",11/09/2024 09:36,David Smith
PO100545,BLACK TOYOTA,,11/09/2024,,,"Ventia Eastern Well
Toyota Hi-lux
Rego 425YRW
Quote# 10367",294.9,29.49,324.39,billed,"",11/09/2024 09:37,David Smith
PO100546,Pedders Toowoomba,,11/09/2024,,,"Ventia Eastern Well
Toyota Hi-lux
Rego 425YRW
Quote# 10367",881.11,88.11,969.22,billed,"",11/09/2024 09:38,David Smith
PO100547,TOOWOOMBA TRUCK SPARES,,11/09/2024,,,"RBY
Water Tanker
Rego YQ51IW
Unit # TR026

1x TS009 - Spring Pack 9 Leaf
2x 4031 - U Bolt 17.5x5x7/8",233.12,23.31,256.43,billed,"",11/09/2024 13:14,David Smith
PO100548,YOKOHAMA TYRE AUST PTY LTD,,11/09/2024,,,"WALLANGRA PASTORAL COMPANY
Brian 0408290279

5x 245/75R16 yoko m/t",1349.2,134.92,1484.12,billed,"",11/09/2024 14:27,David Smith
PO100549,MICHELIN AUSTRALIA PTY LTD,,11/09/2024,,,"2x 2356017
for kieran",312.54,31.25,343.79,billed,"",11/09/2024 14:31,Kieran Smith
PO100550,MILES ENGINEERING,,11/09/2024,,,socket for rby job,83.59,8.36,91.95,billed,"",11/09/2024 14:38,David Smith
PO100551,SUMITOMO RUBBER,,11/09/2024,,,2 x Wildpeak 2656518 Luke Amcor,585.3,58.53,643.83,billed,"",11/09/2024 14:52,Troy
PO100538/1,REPCO Chinchilla,,09/09/2024,,,"Workshop

6x H4 headlight globes
6x Z418 oil filters
2x R2720P oil filters
2x 20ltr repco brake clean",31.0,3.1,34.1,billed,"",11/09/2024 15:03,David Smith
PO100552,YOKOHAMA TYRE AUST PTY LTD,,11/09/2024,,,"Tyre order for Stock Yokohama

385 steers x 4
295 steers x 1
2656517 x 10",5721.7,572.17,6293.87,billed,"",11/09/2024 15:07,Troy
PO100553,NTAW,,11/09/2024,,,"Amcor order
265/70r19.5 x 6
11r RR99 x 10",4680.0,468.0,5148.0,billed,"",11/09/2024 15:15,Troy
PO100554,AUSTRALIAN TYRE TRADERS,,12/09/2024,,,14-17.5 x1,399.0,39.9,438.9,billed,"",12/09/2024 08:21,Kieran Smith
PO100555,TOP TYRES AUSTRAILIA PTY LTD,,12/09/2024,,,"1x 26x12.00-16
scientific pest",168.0,16.8,184.8,billed,"",12/09/2024 08:24,Kieran Smith
PO100557,Power Crank,,12/09/2024,,,Stock,0.0,0.0,0.0,pending,"",12/09/2024 11:27,David Smith
PO100558,BLACK TOYOTA,,12/09/2024,,,"Senex
Lancruiser
Rego S261BJO

1x front bullbar lights
1x handbrake light switch",178.29,17.83,196.12,billed,"",12/09/2024 13:32,David Smith
PO100559,REPCO Chinchilla,,12/09/2024,,,"Senex
Landcruiser
Rego S261BJO

1x Cabin Filter ( RCA414M )

Please send asap",27.64,2.76,30.4,billed,"",12/09/2024 13:41,David Smith
PO100560,TOP TYRES AUSTRAILIA PTY LTD,,12/09/2024,,,2x 2054017 ling long,132.0,13.2,145.2,billed,"",12/09/2024 14:37,Kieran Smith
PO100561,TOP TYRES AUSTRAILIA PTY LTD,,12/09/2024,,,1x 2156017,87.0,8.7,95.7,billed,"",12/09/2024 15:17,Kieran Smith
PO100562,TOP TYRES AUSTRAILIA PTY LTD,,13/09/2024,,,Order in 2 x 13-650-6 for Shadforth Property Trust,34.0,3.4,37.4,billed,"",13/09/2024 07:27,Troy
PO100544/1,REPCO Chinchilla,,11/09/2024,,,"Ventia Eastern Well
Toyota Hi-lux
Rego 425YRW
Quote# 10367",283.27,28.33,311.6,billed,"",13/09/2024 11:26,David Smith
PO100544/2,REPCO Chinchilla,,11/09/2024,,,"Ventia Eastern Well
Toyota Hi-lux
Rego 425YRW
Quote# 10367",140.0,14.0,154.0,billed,"",13/09/2024 11:27,David Smith
PO100544/3,REPCO Chinchilla,,11/09/2024,,,"Ventia Eastern Well
Toyota Hi-lux
Rego 425YRW
Quote# 10367",304.0,30.4,334.4,billed,"",13/09/2024 11:29,David Smith
PO100563,Wippells Autos,,16/09/2024,,,"PHE
Volkswagen
Rego 995IY5
Unit# PHE213

1x fan speed resistor
1x left rear seat belt stork",241.04,24.1,265.14,billed,"",16/09/2024 11:02,David Smith
PO100564,Toyo Tyre Australia pty ltd,,16/09/2024,,,"Venita

1x 265/65R17 OPAT3",268.5,26.85,295.35,billed,"",16/09/2024 14:06,David Smith
PO100565,TOP TYRES AUSTRAILIA PTY LTD,,16/09/2024,,,,195.0,19.5,214.5,billed,"",16/09/2024 15:44,David Smith
PO100566,TOP TYRES AUSTRAILIA PTY LTD,,17/09/2024,,,1 136506 Carlsile smooth for Shadforth,64.0,6.4,70.4,billed,"",17/09/2024 08:19,Troy
PO100567,YOKOHAMA TYRE AUST PTY LTD,,17/09/2024,,,4 x 215/85R16 Yok for Sam Welder,924.52,92.45,1016.97,billed,"",17/09/2024 13:41,Troy
PO100568,TOP TYRES AUSTRAILIA PTY LTD,,18/09/2024,,,"KA Miles 0427274938
Quote# 10380

4x 225/75R16 kenda at2",592.0,59.2,651.2,pending,"",18/09/2024 08:21,David Smith
PO100569,REPCO Chinchilla,,18/09/2024,,,"Leonie

1xR2650P
1xA1557",63.75,6.38,70.13,billed,"",18/09/2024 10:12,David Smith
PO100520/1,TOOWOOMBA TRUCK SPARES,,02/09/2024,,,"RBY
2108 Western Star
Rego XB42HQ
Unit HV016

2x A1717310000 Bracket mounting grille bar
1x 460ARWMB LED stop/tail/ind/rev mini jumbo light
1x A0695172000 Headlamp assembly 7in (make sure will fit front left outer)
1x Ignition Barrell and key set
1x western star mud flap white 600x600",1919.29,191.93,2111.22,billed,"",18/09/2024 12:20,David Smith
PO100570,Savcom,,19/09/2024,,,Wiper refils,0.0,0.0,0.0,pending,"",19/09/2024 13:34,David Smith
PO100571,Power Crank,,19/09/2024,,,"Stock

1x EXSN120SMF
2x EXSN100LSMF
1x 31ASMF
5x EXSNX120-7LSMF
6x EXSNX120-7SMF
1x RA12-120SD (120 amp hr deep cycle agm battery)",2439.94,243.99,2683.93,sent,"",19/09/2024 13:41,David Smith
PO100572,AUSSIE POWERSPORTS,,19/09/2024,,,,0.0,0.0,0.0,pending,"",19/09/2024 15:43,David Smith
PO100573,TOP TYRES AUSTRAILIA PTY LTD,,20/09/2024,,,"Wynita James
0456371197

2x 175/65R14 kenda",0.0,0.0,0.0,pending,"",20/09/2024 09:49,David Smith
PO100574,YOKOHAMA TYRE AUST PTY LTD,,20/09/2024,,,"2 x 29.5r25 e3l3 for delivery to Gracemere for Maas group quoted $10,990 inc gst and delivery for both",8856.0,885.6,9741.6,billed,"",20/09/2024 11:10,Troy
PO100575,MICHELIN AUSTRALIA PTY LTD,,20/09/2024,,,"Willoise
For Reg 

2x 265/70R16 BF KO2",648.0,64.8,712.8,billed,"",20/09/2024 11:13,David Smith
PO100576,AUSSIE POWERSPORTS,,20/09/2024,,,"Karen Howe (hillside)

1x 25x10R12 kotani mongrel 10ply",0.0,0.0,0.0,pending,"",20/09/2024 11:57,David Smith
PO100577,Toyo Tyre Australia pty ltd,,20/09/2024,,,"Spoinkop
Luke Gatsby

4x 26575R16 toyo m/t",1244.0,124.4,1368.4,pending,"",20/09/2024 13:04,David Smith
PO100578,TOP TYRES AUSTRAILIA PTY LTD,,20/09/2024,,,,0.0,0.0,0.0,pending,"",20/09/2024 13:41,David Smith
PO100579,YOKOHAMA TYRE AUST PTY LTD,,20/09/2024,,,"4x 2657516 x-at
Pat Devlin.",0.0,0.0,0.0,pending,"",20/09/2024 15:13,David Smith
PO100580,TYREMAX,,23/09/2024,,,"Garth Christensan

1x 235/85R16",288.32,28.83,317.15,pending,"",23/09/2024 09:35,David Smith
PO100581,Pedders Toowoomba,,23/09/2024,,,"Ventia
Hi-lux
Rego 936ZAM
Quote# 10385

Rear suspension",0.0,0.0,0.0,pending,"",23/09/2024 09:45,David Smith
PO100582,REPCO Chinchilla,,23/09/2024,,,"Wayne dark

1x rear main seal (kelpro 97264)",0.0,0.0,0.0,sent,"",23/09/2024 10:48,David Smith
PO100583,TREADCARE QLD PTY LTD,,24/09/2024,,,,0.0,0.0,0.0,pending,"",24/09/2024 08:19,David Smith
PO100584,YOKOHAMA TYRE AUST PTY LTD,,24/09/2024,,,,0.0,0.0,0.0,pending,"",24/09/2024 10:26,David Smith
PO100585,TYRES 4U,,24/09/2024,,,,0.0,0.0,0.0,pending,"",24/09/2024 14:51,David Smith
PO100586,TREADCARE QLD PTY LTD,,25/09/2024,,,480/65r28 for Stanford Grazing,0.0,0.0,0.0,pending,"",25/09/2024 10:03,Troy
PO100587,YOKOHAMA TYRE AUST PTY LTD,,25/09/2024,,,10 x 2656517 X-at,0.0,0.0,0.0,pending,"",25/09/2024 10:15,Troy
PO100588,YOKOHAMA TYRE AUST PTY LTD,,25/09/2024,,,4x2757016 Phil 0409622750. To fit on monday,0.0,0.0,0.0,pending,"",25/09/2024 14:51,David Smith
