Credit Note Number,Credit Note Reference,Credit From Bill,Billing Supplier,Supplier,Supplier Acc. No,Date,Description,Quantity,Unit Price,Net Amount,Tax Amount,Total Amount,Stock Number,Stock Name,Inventory Asset Account Code,Inventory Asset Account Name,Purchase Account Code,Purchase Account,Tags,Created At,Finalized
1,3940338040,3940337940,REPCO AUTO PARTS,REPCO AUTO PARTS,"",04/11/2022,EPLUSC3020 - P-ENVIRO+ C3 P&D FS 5W30 20L,2.0,198.51,397.02,39.702,436.72,EPLUSC3020,P-ENVIRO+ C3 P&D FS 5W30 20L,,,310,COS - Stock Purchases,"",2022-12-15 13:06:40 +1000,Y
2,3940338885,3940338856,REPCO AUTO PARTS,REPCO AUTO PARTS,"",14/11/2022,EPLUSC4010 - P-ENVIRO+ C4 DIESEL FS 5W30 10L,1.0,102.98,102.98,10.298,113.28,EPLUSC4010,P-ENVIRO+ C4 DIESEL FS 5W30 10L,,,310,COS - Stock Purchases,"",2022-12-15 13:08:40 +1000,Y
3,,SI5155,ENIRGI POWER STORAGE PTY LTD,ENIRGI POWER STORAGE PTY LTD,"",14/12/2022,MF64589R - MF64589R N120 BATTERY 930 CCA,2.0,183.21,366.42,36.642,403.06,MF64589R,MF64589R N120 BATTERY 930 CCA,,,310,COS - Stock Purchases,"",2022-12-19 13:43:02 +1000,Y
3,,SI5155,ENIRGI POWER STORAGE PTY LTD,ENIRGI POWER STORAGE PTY LTD,"",14/12/2022,U1MF-X - U1MF-X  12N24-4 BATTERY,3.0,53.37,160.11,16.011,176.12,U1MF-X,U1MF-X  12N24-4 BATTERY,,,310,COS - Stock Purchases,"",2022-12-19 13:43:02 +1000,Y
3,,SI5155,ENIRGI POWER STORAGE PTY LTD,ENIRGI POWER STORAGE PTY LTD,"",14/12/2022,MF105D31R - MF 105D31R  N70ZZ BATTERY 750 CCA,5.0,114.85,574.25,57.425,631.68,MF105D31R,MF105D31R  N70ZZ BATTERY 750 CCA,,,310,COS - Stock Purchases,"",2022-12-19 13:43:02 +1000,Y
3,,SI5155,ENIRGI POWER STORAGE PTY LTD,ENIRGI POWER STORAGE PTY LTD,"",14/12/2022,MF40B19LS - MF 40B19LS BATTERY,1.0,58.57,58.57,5.857,64.43,MF40B19LS,MF 40B19LS BATTERY,,,310,COS - Stock Purchases,"",2022-12-19 13:43:02 +1000,Y
3,,SI5155,ENIRGI POWER STORAGE PTY LTD,ENIRGI POWER STORAGE PTY LTD,"",14/12/2022,MF105D31L - MF 105D31L  N70ZZL BATTERY 750 CCA,2.0,114.85,229.7,22.97,252.67,MF105D31L,MF 105D31L  N70ZZL BATTERY 750 CCA,,,310,COS - Stock Purchases,"",2022-12-19 13:43:02 +1000,Y
4,EC043963,ES924477,TYRES 4U,TYRES 4U,"",22/12/2022,83125 - 18/8.50-8 8PR Bushmate P01A R-4 Industrial,3.0,94.0,282.0,28.2,310.2,83125,18/8.50-8 8PR Bushmate P01A R-4 Industrial,,,310,COS - Stock Purchases,"",2022-12-22 08:55:38 +1000,Y
5,EC043962,ES923246,TYRES 4U,TYRES 4U,"",22/12/2022,35549 - 295/80R22.5 DoubleCoin RR660 152/148L Regional Steer,2.0,497.25,994.5,99.45,1093.95,35549,295/80R22.5 DoubleCoin RR660 152/148L Regional Steer,,,310,COS - Stock Purchases,"",2022-12-22 08:58:26 +1000,Y
6,EC043972,VS451468,TYRES 4U,TYRES 4U,"",28/12/2022,FREIGHT - Freight,1.0,300.0,300.0,30.0,330.0,FREIGHT,Freight,,,305,COS - Freight & Courier,"",2023-01-03 09:45:54 +1000,Y
8,EC044024,ES927670,TYRES 4U,TYRES 4U,"",25/01/2023,501069 - 265/75 R16 BF GOODRICH LT  A/T KO2 123/120R,5.0,331.31,1656.55,165.655,1822.21,501069,265/75R16 LT T/A A/T KO2 123/120R BF GOODRICH,,,,,"",2023-01-27 08:20:30 +1000,Y
9,89161838,89130646,Bridgestone Australia,Bridgestone Australia,"",13/02/2023,11004119 - 215/75R17.5 BS RT1 135/133K,20.0,480.01,9600.2,960.02,10560.22,11004119,215/75R17.5 RT1 135/133K B/STONE,,,,,"",2023-02-14 14:18:30 +1000,Y
10,,3940343873,REPCO AUTO PARTS,REPCO AUTO PARTS,"",05/01/2023,6PK2720RB - SERPENTINE BELT 6 X 2720MM,1.0,31.25,31.25,3.125,34.38,6PK2720RB,SERPENTINE BELT 6 X 2720MM,,,310,COS - Stock Purchases,"",2023-03-09 13:49:51 +1000,Y
11,3940349758,3940349347,REPCO Chinchilla,REPCO Chinchilla,"",09/03/2023,NS370 - STUD & NUT,20.0,11.0,220.0,22.0,242.0,NS370,STUD & NUT,,,,,"",2023-03-09 17:35:05 +1000,Y
12,,3940348058,REPCO Chinchilla,REPCO Chinchilla,"",20/02/2023,RTK29100 - TOOL CHEST-REPCO MASTER SET 390PC,1.0,3299.0,3299.0,329.9,3628.9,RTK29100,TOOL CHEST-REPCO MASTER SET 390PC,,,476,Workshop Expenses,"",2023-03-09 17:53:27 +1000,Y
12,,3940348058,REPCO Chinchilla,REPCO Chinchilla,"",20/02/2023,RSK31C - FILTERS 4WD KIT,2.0,138.19,276.38,27.638,304.02,RSK31C,Filter kit for Toyota Hilux 07/15-04/20,,,,,"",2023-03-09 17:53:27 +1000,Y
12,,3940348058,REPCO Chinchilla,REPCO Chinchilla,"",20/02/2023,RSK25C - FILTERS 4WD KIT,2.0,103.64,207.28,20.728,228.01,RSK25C,FILTERS 4WD KIT,,,,,"",2023-03-09 17:53:27 +1000,Y
12,,3940348058,REPCO Chinchilla,REPCO Chinchilla,"",20/02/2023,RSK15 - FILTER KIT V8 TURBO LCRUISER,2.0,93.0,186.0,18.6,204.6,RSK15,FILTER KIT 4WD [V8 TURBO LCRUISER],,,,,"",2023-03-09 17:53:27 +1000,Y
12,,3940348058,REPCO Chinchilla,REPCO Chinchilla,"",20/02/2023,Z418 - Z418 OILFILTER,2.0,10.25,20.5,2.05,22.55,Z418,Z418 OILFILTER,,,,,"",2023-03-09 17:53:27 +1000,Y
12,,3940348058,REPCO Chinchilla,REPCO Chinchilla,"",20/02/2023,A1876 - FILTER - AIR,2.0,48.25,96.5,9.65,106.15,A1876,FILTER - AIR,,,310,COS - Stock Purchases,"",2023-03-09 17:53:27 +1000,Y
12,,3940348058,REPCO Chinchilla,REPCO Chinchilla,"",20/02/2023,R2777P - FILTER-FUEL,2.0,39.75,79.5,7.95,87.45,R2777P,FILTER-FUEL,,,,,"",2023-03-09 17:53:27 +1000,Y
12,,3940348058,REPCO Chinchilla,REPCO Chinchilla,"",20/02/2023,R2720P - FILTER-OIL,2.0,14.25,28.5,2.85,31.35,R2720P,FILTER-OIL,,,,,"",2023-03-09 17:53:27 +1000,Y
12,,3940348058,REPCO Chinchilla,REPCO Chinchilla,"",20/02/2023,A1784 - AIR FILTER,2.0,41.25,82.5,8.25,90.75,A1784,AIR FILTER,,,,,"",2023-03-09 17:53:27 +1000,Y
12,,3940348058,REPCO Chinchilla,REPCO Chinchilla,"",20/02/2023,R2724P - FILTER-FUEL,2.0,28.13,56.26,5.626,61.89,R2724P,FILTER-FUEL,,,,,"",2023-03-09 17:53:27 +1000,Y
13,CST - Thornproof Tube - 20 x 1.9/2.125 - SV,K323881,KWT Imports,KWT Imports,"",14/03/2023,FREIGHT - Freight,1.0,255.0,255.0,25.5,280.5,FREIGHT,Freight,,,,,"",2023-03-14 15:02:11 +1000,Y
14,EC044156,,TYRES 4U,TYRES 4U,"",20/03/2023,5141TMA - 31 X 10.5R15 F06 A/T 109 S TRACMAX,4.0,130.5,522.0,52.2,574.2,5141TMA,31 X 10.5R15 F06 A/T 109 S TRACMAX,,,,,"",2023-03-20 18:11:36 +1000,Y
15,3940351429,3940349597,REPCO Chinchilla,REPCO Chinchilla,"",28/03/2023,MXA211 - ALT 12V 75A MITSUBISHI STYLE,1.0,253.0,253.0,25.3,278.3,MXA211,ALT 12V 75A MITSUBISHI STYLE,,,,,"",2023-03-28 11:19:33 +1000,Y
16,3940351440,3940349597,REPCO Chinchilla,REPCO Chinchilla,"",28/03/2023,PUX631 - PULLEY - RIBBED 70MM OD,1.0,38.25,38.25,3.825,42.08,PUX631,PULLEY - RIBBED 70MM OD,,,476,Workshop Expenses,"",2023-03-29 14:29:47 +1000,Y
17,3940351444,,REPCO Chinchilla,REPCO Chinchilla,"",28/03/2023,RSHK12PC-1 - SLIDE HAMMER KIT - 12 PC,1.0,78.59,78.59,7.859,86.45,RSHK12PC-1,SLIDE HAMMER KIT - 12 PC,,,476,Workshop Expenses,"",2023-03-29 14:30:49 +1000,Y
18,3940351443,3940350114,REPCO Chinchilla,REPCO Chinchilla,"",28/03/2023,SP66040 - 10PC BEARING RACE & SEAL SET,1.0,211.0,211.0,21.1,232.1,SP66040,10PC BEARING RACE & SEAL SET,,,,,"",2023-03-29 14:31:50 +1000,Y
19,3940351441,3940350362,REPCO Chinchilla,REPCO Chinchilla,"",28/03/2023,7301? - 7301?,1.0,447.21,447.21,44.721,491.93,7301?,7301?,,,,,"",2023-03-29 14:32:44 +1000,Y
20,3940351442,3940350169,REPCO Chinchilla,REPCO Chinchilla,"",28/03/2023,8938 - PUNCH-DRIFT STRAIGHT BRASS,1.0,84.0,84.0,8.4,92.4,8938,PUNCH-DRIFT STRAIGHT BRASS,,,,,"",2023-03-29 14:33:40 +1000,Y
20,3940351442,3940350169,REPCO Chinchilla,REPCO Chinchilla,"",28/03/2023,7060 - 12LB DEAD BLOW HAMMER 930MM,1.0,316.27,316.27,31.627,347.9,7060,12LB DEAD BLOW HAMMER 930MM,,,,,"",2023-03-29 14:33:40 +1000,Y
20,3940351442,3940350169,REPCO Chinchilla,REPCO Chinchilla,"",28/03/2023,10245 - TOOL LINK ADJUSTABLE CROWS FOOT,1.0,77.63,77.63,7.763,85.39,10245,TOOL LINK ADJUSTABLE CROWS FOOT,,,,,"",2023-03-29 14:33:40 +1000,Y
21,3940351439,3940348987,REPCO Chinchilla,REPCO Chinchilla,"",28/03/2023,Z794 - RYCO OIL FILTER,1.0,18.75,18.75,1.875,20.63,Z794,RYCO OIL FILTER,,,,,"",2023-03-29 14:34:23 +1000,Y
22,EC044198,,TYRES 4U,TYRES 4U,"",29/03/2023,AR7571103 - 11R22.5 ARST2 146/143M ARIVO,8.0,270.0,2160.0,216.0,2376.0,AR7571103,11R22.5 ARST2 146/143M ARIVO,,,,,"",2023-04-04 09:29:19 +1000,Y
23,EC044185,,TYRES 4U,TYRES 4U,"",24/03/2023,AR7581801 - NR-385/65R22.5 ARST4 160L ARIVO,2.0,441.0,882.0,88.2,970.2,AR7581801,385/65R22.5 ARST4 160L ARIVO,,,,,"",2023-04-04 09:33:29 +1000,Y
24,2459694,2456959,DYNAMIC WHEELS,DYNAMIC WHEELS,"",06/04/2023,16820P6130B - DYNAMIC 16x8 20P 6x130 CB75.6 BLACK,1.0,84.0,84.0,8.4,92.4,16820P6130B,DYNAMIC 16x8 20P 6x130 CB75.6 BLACK,,,,,"",2023-04-11 10:21:31 +1000,Y
25,3940353437,3940348058-1,REPCO Chinchilla,REPCO Chinchilla,"",20/04/2023,TSD1757 - DRUM BRAKE,1.0,177.0,177.0,17.7,194.7,TSD1757,DRUM BRAKE,,,,,"",2023-04-20 19:04:01 +1000,Y
25,3940353437,3940348058-1,REPCO Chinchilla,REPCO Chinchilla,"",20/04/2023,DBA2716E - ROTOR DISC BRAKE,2.0,120.91,241.82,24.182,266.0,DBA2716E,ROTOR DISC BRAKE,,,,,"",2023-04-20 19:04:01 +1000,Y
25,3940353437,3940348058-1,REPCO Chinchilla,REPCO Chinchilla,"",20/04/2023,DBA790S - ROTOR-DISC BRAKE,2.0,179.64,359.28,35.928,395.21,DBA790S,ROTOR-DISC BRAKE,,,,,"",2023-04-20 19:04:01 +1000,Y
26,3940353436,3940348058-1,REPCO Chinchilla,REPCO Chinchilla,"",20/04/2023,DBA2132E - ROTOR-DISC BRAKE,2.0,157.19,314.38,31.438,345.82,DBA2132E,ROTOR-DISC BRAKE,,,,,"",2023-04-20 19:05:32 +1000,Y
26,3940353436,3940348058-1,REPCO Chinchilla,REPCO Chinchilla,"",20/04/2023,DBA794 - ROTOR DISC BRAKE,2.0,101.05,202.1,20.21,222.31,DBA794,ROTOR DISC BRAKE,,,,,"",2023-04-20 19:05:32 +1000,Y
27,3940354001,3940353959,REPCO Chinchilla,REPCO Chinchilla,"",27/04/2023,RSK53 - FILTER - SERVICE KIT,1.0,72.0,72.0,7.2,79.2,RSK53,FILTER - SERVICE KIT [MITSUBISHI],,,,,"",2023-05-04 12:50:35 +1000,Y
28,3940355097,3940355046,REPCO Chinchilla,REPCO Chinchilla,"",10/05/2023,M7108 - REAR MUFFLER STD REPLACEMENT,1.0,317.0,317.0,31.7,348.7,M7108,REAR MUFFLER STD REPLACEMENT,,,,,"",2023-05-14 17:01:46 +1000,Y
29,3940355113,3940351022,REPCO Chinchilla,REPCO Chinchilla,"",10/05/2023,MXA2052 - ALT 12V 100A MITSUBISHI STYLE,1.0,327.0,327.0,32.7,359.7,MXA2052,ALT 12V 100A MITSUBISHI STYLE,,,,,"",2023-05-14 17:03:04 +1000,Y
30,3940355114,3940350975,REPCO Chinchilla,REPCO Chinchilla,"",10/05/2023,PUX601 - PULLEY - FLAT 70MM OD,1.0,29.0,29.0,2.9,31.9,PUX601,PULLEY - FLAT 70MM OD,,,,,"",2023-05-14 17:03:50 +1000,Y
31,3940355095,3940354691,REPCO Chinchilla,REPCO Chinchilla,"",10/05/2023,MAG014R - GASKET,1.0,2.4,2.4,0.24,2.64,MAG014R,GASKET,,,,,"",2023-05-16 17:07:58 +1000,Y
31,3940355095,3940354691,REPCO Chinchilla,REPCO Chinchilla,"",10/05/2023,334395 - STRUT - EXCEL G GAS,1.0,269.0,269.0,26.9,295.9,334395,STRUT - EXCEL G GAS,,,,,"",2023-05-16 17:07:58 +1000,Y
31,3940355095,3940354691,REPCO Chinchilla,REPCO Chinchilla,"",10/05/2023,334394 - STRUT - EXCEL G GAS,1.0,269.0,269.0,26.9,295.9,334394,STRUT - EXCEL G GAS,,,,,"",2023-05-16 17:07:58 +1000,Y
32,78104,78104,TOP TYRES AUSTRAILIA PTY LTD,TOP TYRES AUSTRAILIA PTY LTD,"",18/04/2023,B1693010135T - 16.9-30 (10) TR-135 (R-1) BKT,2.0,826.0,1652.0,165.2,1817.2,B1693010135T,16.9-30 (10) TR-135 (R-1) BKT,,,,,"",2023-05-21 13:04:48 +1000,Y
33,78104-2,,TOP TYRES AUSTRAILIA PTY LTD,TOP TYRES AUSTRAILIA PTY LTD,"",18/04/2023,B1693010135T - 16.9-30 (10) TR-135 (R-1) BKT,2.0,826.0,1652.0,165.2,1817.2,B1693010135T,16.9-30 (10) TR-135 (R-1) BKT,,,,,"",2023-05-21 13:06:14 +1000,Y
34,3940356026,3940355820,REPCO Chinchilla,REPCO Chinchilla,"",19/05/2023,TCK316 - POWERGRIP TIMING COMPONENT KIT,1.0,165.0,165.0,16.5,181.5,TCK316,POWERGRIP TIMING COMPONENT KIT,,,,,"",2023-05-21 13:19:30 +1000,Y
36,3940357398,3940356989,REPCO Chinchilla,REPCO Chinchilla,"",05/06/2023,DB1365 4WD - PAD SET-DISC BRAKE,2.0,84.0,168.0,16.8,184.8,DB1365 4WD,PAD SET-DISC BRAKE,,,,,"",2023-06-05 11:04:16 +1000,Y
36,3940357398,3940356989,REPCO Chinchilla,REPCO Chinchilla,"",05/06/2023,DB1200-4WD - DISC BRAKE 4WD PAD SET,2.0,84.0,168.0,16.8,184.8,DB1200-4WD,DISC BRAKE 4WD PAD SET,,,,,"",2023-06-05 11:04:16 +1000,Y
37,3940357269,3940357057,REPCO Chinchilla,REPCO Chinchilla,"",02/06/2023,KDRS-67 - SPRING SET-COIL,1.0,194.32,194.32,19.432,213.75,KDRS-67,SPRING SET-COIL,,,,,"",2023-06-06 15:26:31 +1000,Y
37,3940357269,3940357057,REPCO Chinchilla,REPCO Chinchilla,"",02/06/2023,FREIGHT - Freight,1.0,22.73,22.73,2.273,25.0,FREIGHT,Freight,,,,,"",2023-06-06 15:26:31 +1000,Y
38,3940357203,3940357123,REPCO Chinchilla,REPCO Chinchilla,"",02/06/2023,DTS1073NS2 - DRIVETECH 4X4 STRUT NITRO,1.0,111.0,111.0,11.1,122.1,DTS1073NS2,DRIVETECH 4X4 STRUT NITRO,,,,,"",2023-06-06 15:27:20 +1000,Y
38,3940357203,3940357123,REPCO Chinchilla,REPCO Chinchilla,"",02/06/2023,DTS1074NS2 - DRIVETECH 4X4 STRUT NITRO,1.0,111.0,111.0,11.1,122.1,DTS1074NS2,DRIVETECH 4X4 STRUT NITRO,,,,,"",2023-06-06 15:27:20 +1000,Y
39,3940357268,3940357222,REPCO Chinchilla,REPCO Chinchilla,"",02/06/2023,KSM7199 - SUSPENSION MOUNTING KIT,1.0,66.0,66.0,6.6,72.6,KSM7199,SUSPENSION MOUNTING KIT,,,,,"",2023-06-06 15:28:04 +1000,Y
40,B27CRE14,,ENIRGI POWER STORAGE PTY LTD,ENIRGI POWER STORAGE PTY LTD,"",25/05/2023,MF64589 - MF64589 N120 BATTERY,1.0,192.37,192.37,19.237,211.61,MF64589,MF64589 N120 BATTERY,,,,,"",2023-06-08 09:40:13 +1000,Y
40,B27CRE14,,ENIRGI POWER STORAGE PTY LTD,ENIRGI POWER STORAGE PTY LTD,"",25/05/2023,MF95E41L - MF 95E41 L BATTERY,1.0,123.0,123.0,12.3,135.3,MF95E41L,MF 95E41 L BATTERY,,,,,"",2023-06-08 09:40:13 +1000,Y
40,B27CRE14,,ENIRGI POWER STORAGE PTY LTD,ENIRGI POWER STORAGE PTY LTD,"",25/05/2023,MF78-750,1.0,156.11,156.11,15.611,171.72,,,,,,,"",2023-06-08 09:40:13 +1000,Y
41,EC04434,ES947883,TYRES 4U,TYRES 4U,"",09/06/2023,93235 - NR-11.75x22.5 Demountable Steel 80 Offset Demountable Rim,1.0,179.22,179.22,17.922,197.14,93235,NR-11.75x22.5 Demountable Steel 80 Offset Demountable Rim,,,,,"",2023-06-13 18:09:33 +1000,Y
42,EC044361,ES950384,TYRES 4U,TYRES 4U,"",13/06/2023,35881 - 11R22.5 RR99 148/145 ALL POSITION CRC  DOUBLE COIN,18.0,330.65,5951.7,595.17,6546.87,35881,11R22.5 RR99 148/145 ALL POSITION CRC  DOUBLE COIN,,,,,"",2023-06-13 18:22:28 +1000,Y
43,EC044360,VS462788,TYRES 4U,TYRES 4U,"",13/06/2023,35881 - 11R22.5 RR99 148/145 ALL POSITION CRC  DOUBLE COIN,5.0,330.65,1653.25,165.325,1818.58,35881,11R22.5 RR99 148/145 ALL POSITION CRC  DOUBLE COIN,,,,,"",2023-06-13 18:26:30 +1000,Y
44,DB1333-4WD,3940356936,REPCO Chinchilla,REPCO Chinchilla,"",19/06/2023,DB1333-4WD - PAD SET-DISC BRAKE,1.0,84.0,84.0,8.4,92.4,DB1333-4WD,PAD SET-DISC BRAKE,,,,,"",2023-06-19 10:21:19 +1000,Y
45,3940358685,3940356935,REPCO Chinchilla,REPCO Chinchilla,"",19/06/2023,RRB084 - BOOT KIT - STEERING RACK,1.0,13.5,13.5,1.35,14.85,RRB084,BOOT KIT - STEERING RACK,,,,,"",2023-06-19 10:22:07 +1000,Y
46,3940358688,,REPCO Chinchilla,REPCO Chinchilla,"",19/06/2023,DBA629,1.0,119.0,119.0,11.9,130.9,,,,,,,"",2023-06-20 09:18:14 +1000,Y
47,3940358686,3940356840,REPCO Chinchilla,REPCO Chinchilla,"",19/06/2023,15-0519 - SHOCK SET-GT GAS-REFLEX 007,1.0,227.14,227.14,22.714,249.85,15-0519,SHOCK SET-GT GAS-REFLEX 007,,,,,"",2023-06-20 09:22:57 +1000,Y
48,,1X036318,TYRES 4U,TYRES 4U,"",31/05/2023,99948 - RIM 8.25 x 22.5 STONESTAR 10/285 MACHINED ALLOY,1.0,398.0,398.0,39.8,437.8,99948,RIM 8.25 x 22.5 STONESTAR 10/285 MACHINED ALLOY,,,,,"",2023-06-20 09:28:42 +1000,Y
48,,1X036318,TYRES 4U,TYRES 4U,"",31/05/2023,99948(1) - RIM 8.25 X 22.5 10/285 ALCOA DURA BRIGHT,1.0,720.0,720.0,72.0,792.0,99948(1),RIM 8.25 X 22.5 10/285 ALCOA DURA BRIGHT,,,,,"",2023-06-20 09:28:42 +1000,Y
48,,1X036318,TYRES 4U,TYRES 4U,"",31/05/2023,99948(2) - 275/70R22.5 HAULMAX ATT101 - 144/141M 16PR,3.0,410.0,1230.0,123.0,1353.0,99948(2),275/70R22.5 ATT101 - 144/141M 16PR HAULMAX,,,,,"",2023-06-20 09:28:42 +1000,Y
48,,1X036318,TYRES 4U,TYRES 4U,"",31/05/2023,98468 - TEN24 AH CALL OUT,1.0,345.0,345.0,34.5,379.5,98468,TEN24 AH CALL OUT,,,,,"",2023-06-20 09:28:42 +1000,Y
48,,1X036318,TYRES 4U,TYRES 4U,"",31/05/2023,98509 - TEN24 AH LABOUR,4.0,34.5,138.0,13.8,151.8,98509,TEN24 AH LABOUR,,,,,"",2023-06-20 09:28:42 +1000,Y
48,,1X036318,TYRES 4U,TYRES 4U,"",31/05/2023,98511 - TEN24 AH TYRE DISPOSAL,3.0,30.0,90.0,9.0,99.0,98511,TEN24 AH TYRE DISPOSAL,,,,,"",2023-06-20 09:28:42 +1000,Y
49,,SI45607,AUSSIE POWERSPORTS,AUSSIE POWERSPORTS,"",26/06/2023,WT122711-8PR-P36 - 27X11-12 ARMOR P3036 8 PLY,1.0,174.51,174.51,17.451,191.96,WT122711-8PR-P36,27X11-12 ARMOR P3036 8 PLY,,,,,"",2023-07-05 11:24:55 +1000,Y
49,,SI45607,AUSSIE POWERSPORTS,AUSSIE POWERSPORTS,"",26/06/2023,FREIGHT - Freight,1.0,29.95,29.95,2.995,32.95,FREIGHT,Freight,,,,,"",2023-07-05 11:24:55 +1000,Y
50,3940360877,3940360797,REPCO Chinchilla,REPCO Chinchilla,"",11/07/2023,R2619P - FUEL FILTER,1.0,20.25,20.25,2.025,22.28,R2619P,FUEL FILTER,,,,,"",2023-07-14 10:24:01 +1000,Y
51,EC044345,ES947883,TYRES 4U,TYRES 4U,"",09/06/2023,93235 - NR-11.75x22.5 Demountable Steel 80 Offset Demountable Rim,1.0,179.22,179.22,17.922,197.14,93235,NR-11.75x22.5 Demountable Steel 80 Offset Demountable Rim,,,,,"",2023-08-15 14:50:21 +1000,Y
52,3940364277,3940364260,REPCO Chinchilla,REPCO Chinchilla,"",15/08/2023,GFS516 - FILTER KIT 750E/F L/CRUISER 5SP,1.0,56.0,56.0,5.6,61.6,GFS516,FILTER KIT 750E/F L/CRUISER 5SP,,,,,"",2023-08-18 10:36:20 +1000,Y
53,EC044530,ES960007,TYRES 4U,TYRES 4U,"",25/08/2023,B1ABB123 - 445/65R22.5 Adv GLR30 169F,1.0,881.25,881.25,88.125,969.38,B1ABB123,445/65R22.5 Adv GLR30 169F,,,,,"",2023-08-29 17:18:46 +1000,Y
54,EC044561,,TYRES 4U,TYRES 4U,"",01/09/2023,11004119 - 215/75R17.5 RT1 135/133K B/STONE,6.0,505.93,3035.58,303.558,3339.14,11004119,215/75R17.5 RT1 135/133K B/STONE,,,,,"",2023-09-04 17:11:55 +1000,Y
55,EC044562,ES932679,TYRES 4U,TYRES 4U,"",01/09/2023,11004121 - 235/75R17.5 BS RT1 143/141J,10.0,523.1,5231.0,523.1,5754.1,11004121,235/75R17.5 RT1 143/141J B/STONE,,,,,"",2023-09-04 17:13:52 +1000,Y
56,EC044599,,TYRES 4U,TYRES 4U,"",18/09/2023,93257 - 8.25 X 22.5 10/285 STEEL RIM,1.0,150.0,150.0,15.0,165.0,93257,8.25 X 22.5 10/285 STEEL RIM,,,,,"",2023-09-19 16:59:17 +1000,Y
57,731180,,TOOWOOMBA TRUCK SPARES,TOOWOOMBA TRUCK SPARES,"",05/02/2024,82233443 - RHS Mack Door Window Ecteric,1.0,160.25,160.25,16.025,176.28,82233443,RHS Mack Door Window Ecteric,,,,,"",2024-02-05 09:02:25 +1000,Y
57,731180,,TOOWOOMBA TRUCK SPARES,TOOWOOMBA TRUCK SPARES,"",05/02/2024,82233450 - LHS Mack Door Window Ecteric,1.0,165.23,165.23,16.523,181.75,82233450,LHS Mack Door Window Ecteric,,,,,"",2024-02-05 09:02:25 +1000,Y
58,3940379364,,REPCO Chinchilla,REPCO Chinchilla,"",02/02/2024,A1350 - Filter element air,1.0,55.5,55.5,5.55,61.05,A1350,Filter element air,,,,,"",2024-02-05 09:39:54 +1000,Y
59,3940380623,3940380255,REPCO Chinchilla,REPCO Chinchilla,"",16/02/2024,RDKLC30 - Repco diesel filter kit,1.0,252.0,252.0,25.2,277.2,RDKLC30,Repco diesel filter kit,,,,,"",2024-02-16 13:36:12 +1000,Y
60,3940382182,,REPCO Chinchilla,REPCO Chinchilla,"",05/03/2024,PWR2228 - RAD TOY LC HZJ 79 99-07,1.0,1236.0,1236.0,123.6,1359.6,PWR2228,RAD TOY LC HZJ 79 99-07,,,,,"",2024-03-05 15:44:14 +1000,Y
61,3840381264,,REPCO Chinchilla,REPCO Chinchilla,"",09/03/2024,97929 - Oil seal,1.0,39.25,39.25,3.925,43.18,97929,Oil seal,,,,,"",2024-03-09 08:04:35 +1000,Y
62,3940381265,,REPCO Chinchilla,REPCO Chinchilla,"",09/03/2024,97929 - Oil seal,1.0,37.25,37.25,3.725,40.98,97929,Oil seal,,,,,"",2024-03-09 08:05:52 +1000,Y
63,742647,,TOOWOOMBA TRUCK SPARES,TOOWOOMBA TRUCK SPARES,"",12/04/2024,4031 - U Bolt 17.5x5x7/8,2.0,34.53,69.06,6.906,75.97,4031,U Bolt 17.5x5x7/8,,,310,COS - Stock Purchases,"",2024-04-12 09:19:49 +1000,Y
64,00009045,,Custom Built Tuff Trailers,Custom Built Tuff Trailers,"",18/04/2024,"190-SKSLH350-1.75-PTE - SKSLH350-1.75-Seal Kit SLH 3.5""x1.75""Rod",2.0,150.0,300.0,30.0,330.0,190-SKSLH350-1.75-PTE,"SKSLH350-1.75-Seal Kit SLH 3.5""x1.75""Rod",,,,,"",2024-04-18 09:24:16 +1000,Y
CR120000,2091592,,Western Truck Group,Western Truck Group,,08/06/2024,MXP SP7438 - Spring 9 Leaf Pack,1.0,373.77,373.77,37.377,411.15,MXP SP7438,Spring 9 Leaf Pack,,,310,COS - Stock Purchases,"",2024-06-10 07:58:01 +1000,Y
CR120001,2091677,,Western Truck Group,Western Truck Group,,11/06/2024,20975428 - Front Cab Mount,1.0,354.2,354.2,35.42,389.62,20975428,Front Cab Mount,,,310,COS - Stock Purchases,"",2024-06-11 08:58:39 +1000,Y
CR120001,2091677,,Western Truck Group,Western Truck Group,,11/06/2024,20874147 - Cab Shock RR NB,2.0,183.04,366.08,36.608,402.69,20874147,Cab Shock RR NB,,,310,COS - Stock Purchases,"",2024-06-11 08:58:39 +1000,Y
CR120001,2091677,,Western Truck Group,Western Truck Group,,11/06/2024,20874145 - Kit Mounting Shock,2.0,15.97,31.94,3.194,35.13,20874145,Kit Mounting Shock,,,310,COS - Stock Purchases,"",2024-06-11 08:58:39 +1000,Y
CR120002,2172593,2172424,Savcom,Savcom,"",25/06/2024,MSC32-25 - Metis Screen Clean Concentrate,275.0,1.7092,470.03,47.003,517.03,MSC32-25,Metis Screen Clean Concentrate,,,310,COS - Stock Purchases,"",2024-06-25 11:34:52 +1000,Y
CR120003,,3940391497,REPCO Chinchilla,REPCO Chinchilla,"",19/06/2024,TIN21041RHG - R/H Tray Tail Lamp Hilux KUN26R,1.0,331.0,331.0,33.1,364.1,TIN21041RHG,R/H Tray Tail Lamp Hilux KUN26R,,,310,COS - Stock Purchases,"",2024-06-26 09:51:46 +1000,Y
CR120004,,3940391497,REPCO Chinchilla,REPCO Chinchilla,"",26/06/2024,TIN21041LHG - Tail light,1.0,357.0,357.0,35.7,392.7,TIN21041LHG,Tail light,,,310,COS - Stock Purchases,"",2024-06-26 09:53:44 +1000,Y
CR120005,3940393202,3940367017,REPCO Chinchilla,REPCO Chinchilla,"",08/07/2024,IS2000 - 12/24V 2000A PROF. JUMPSTARTER,1.0,726.0,726.0,72.6,798.6,IS2000,12/24V 2000A PROF. JUMPSTARTER,,,310,COS - Stock Purchases,"",2024-07-08 13:34:39 +1000,Y
CR120006,,PI53028950,BLACK TOYOTA,BLACK TOYOTA,"",25/07/2024,852210K130 - Arm Front Wiper L/H,1.0,26.54,26.54,2.654,29.19,852210K130,Arm Front Wiper L/H,,,310,COS - Stock Purchases,"",2024-07-25 11:08:34 +1000,Y
CR120006,,PI53028950,BLACK TOYOTA,BLACK TOYOTA,"",25/07/2024,852110K131 - Arm Front Wiper R/H,1.0,115.04,115.04,11.504,126.54,852110K131,Arm Front Wiper R/H,,,310,COS - Stock Purchases,"",2024-07-25 11:08:34 +1000,Y
CR120006,,PI53028950,BLACK TOYOTA,BLACK TOYOTA,"",25/07/2024,464200K210 - Cable Assy Parking,1.0,119.25,119.25,11.925,131.18,464200K210,Cable Assy Parking,,,310,COS - Stock Purchases,"",2024-07-25 11:08:34 +1000,Y
CR120006,,PI53028950,BLACK TOYOTA,BLACK TOYOTA,"",25/07/2024,464300K210 - Cable Assy Parking,1.0,150.64,150.64,15.064,165.7,464300K210,Cable Assy Parking,,,310,COS - Stock Purchases,"",2024-07-25 11:08:34 +1000,Y
CR120006,,PI53028950,BLACK TOYOTA,BLACK TOYOTA,"",25/07/2024,464100K120 - Cable Assy Parking,1.0,83.54,83.54000000000001,8.354000000000001,91.89,464100K120,Cable Assy Parking,,,310,COS - Stock Purchases,"",2024-07-25 11:08:34 +1000,Y
CR120007,,3940393857,REPCO Chinchilla,REPCO Chinchilla,"",25/07/2024,GFS615 - Repco Automatic Transmission Filter Kit,1.0,46.0,46.0,4.6,50.6,GFS615,Repco Automatic Transmission Filter Kit,,,310,COS - Stock Purchases,"",2024-07-25 11:15:04 +1000,Y
CR120008,,760020,TOOWOOMBA TRUCK SPARES,TOOWOOMBA TRUCK SPARES,"",25/07/2024,72193NAR - 7in Headlight Housing & Harness,2.0,145.59,291.18,29.118,320.3,72193NAR,7in Headlight Housing & Harness,,,310,COS - Stock Purchases,"",2024-07-25 13:50:01 +1000,Y
CR120009,3940395492,3940394855,REPCO Chinchilla,REPCO Chinchilla,"",02/08/2024,98860 - Oil Seal (inner hub),2.0,36.0,72.0,7.2,79.2,98860,Oil Seal (inner hub),,,310,COS - Stock Purchases,"",2024-08-02 11:47:13 +1000,Y
CR120010,763182,760020,TOOWOOMBA TRUCK SPARES,TOOWOOMBA TRUCK SPARES,"",02/08/2024,"Hl175 - Headlight 7"" LED Pair Hi-Low & Park",1.0,496.4727,496.472727272727272727,49.6472727272727272727,546.12,Hl175,"Headlight 7"" LED Pair Hi-Low & Park",,,310,COS - Stock Purchases,"",2024-08-02 14:32:56 +1000,Y
CR120011,763786,763765,TOOWOOMBA TRUCK SPARES,TOOWOOMBA TRUCK SPARES,"",08/08/2024,A2264309000 - Bugscreen Permanent SQR 6900,1.0,332.49,332.49,33.249,365.74,A2264309000,Bugscreen Permanent SQR 6900,,,310,COS - Stock Purchases,"",2024-08-08 11:08:49 +1000,Y
CR120012,,3940395956,REPCO Chinchilla,REPCO Chinchilla,"",08/08/2024,PT1140 - Hub Grease Cap 50.2mm,4.0,5.95,23.8,2.38,26.18,PT1140,Hub Grease Cap 50.2mm,,,310,COS - Stock Purchases,"",2024-08-09 09:00:52 +1000,Y
CR120013,CN101004832,,NTAW,NTAW,TRWANDTAR,15/08/2024,RT2657516 - LT265/75R16 Terrafirma Rugged Terrian 123/120Q RWL,1.0,196.5,196.5,19.65,216.15,RT2657516,LT265/75R16 Terrafirma Rugged Terrian 123/120Q RWL,,,310,COS - Stock Purchases,"",2024-08-15 15:15:09 +1000,Y
CR120014,82935,,TOP TYRES AUSTRAILIA PTY LTD,TOP TYRES AUSTRAILIA PTY LTD,"",04/09/2024,E14651206Z84TRW - 14X6 5/120.65 WHITE SPOKED TOPWHEELS (0) (CB=84),1.0,54.0,54.0,5.4,59.4,E14651206Z84TRW,14X6 5/120.65 WHITE SPOKED TOPWHEELS (0) (CB=84),,,310,COS - Stock Purchases,"",2024-09-05 08:34:03 +1000,Y
CR120015,82933,,TOP TYRES AUSTRAILIA PTY LTD,TOP TYRES AUSTRAILIA PTY LTD,"",04/09/2024,K33125020601 - 33x12.50R20LT 119R TL KR-601 Klever R/T Kenda,5.0,298.0,1490.0,149.0,1639.0,K33125020601,33x12.50R20LT 119R TL KR-601 Klever R/T Kenda,,,310,COS - Stock Purchases,"",2024-09-05 08:36:02 +1000,Y
CR120015,82933,,TOP TYRES AUSTRAILIA PTY LTD,TOP TYRES AUSTRAILIA PTY LTD,"",04/09/2024,K2857017601 - KENDA KLEVER R/T KR-601 121R TL,1.0,278.0,278.0,27.8,305.8,K2857017601,KENDA KLEVER R/T KR-601 121R TL,,,310,COS - Stock Purchases,"",2024-09-05 08:36:02 +1000,Y
CR120015,82933,,TOP TYRES AUSTRAILIA PTY LTD,TOP TYRES AUSTRAILIA PTY LTD,"",04/09/2024,E1465114P1584TRW - 14x6 5/114.3 White Spoked Topwheels (15P) (CB=84),1.0,54.0,54.0,5.4,59.4,E1465114P1584TRW,14x6 5/114.3 White Spoked Topwheels (15P) (CB=84),,,310,COS - Stock Purchases,"",2024-09-05 08:36:02 +1000,Y
CR120015,82933,,TOP TYRES AUSTRAILIA PTY LTD,TOP TYRES AUSTRAILIA PTY LTD,"",04/09/2024,E1465108P1575TRW - 14x6 5/108 White Spoked Topwheels (15P0 (CB=75),2.0,54.0,108.0,10.8,118.8,E1465108P1575TRW,14x6 5/108 White Spoked Topwheels (15P0 (CB=75),,,310,COS - Stock Purchases,"",2024-09-05 08:36:02 +1000,Y
CR120016,CN-5851-2024,,YOKOHAMA TYRE AUST PTY LTD,YOKOHAMA TYRE AUST PTY LTD,"",05/09/2024,2957017G003 - LT295/70R17 121Q G003 MT - E4653,4.0,354.55,1418.2,141.82,1560.02,2957017G003,LT295/70R17 121Q G003 MT - E4653,,,310,COS - Stock Purchases,"",2024-09-06 08:53:54 +1000,Y
CR120017,CN-5850-2024,,YOKOHAMA TYRE AUST PTY LTD,YOKOHAMA TYRE AUST PTY LTD,"",05/09/2024,2355519G057 - 235/55R19 105W G057 X-CV - R4534,4.0,255.82,1023.28,102.328,1125.61,2355519G057,235/55R19 105W G057 X-CV - R4534,,,310,COS - Stock Purchases,"",2024-09-06 08:55:12 +1000,Y
