Supplier Number,Name,Contact Name,Acc. No,ABN,Phone,Fax,Mobile,Email,Address,Suburb,State,Postcode,Country,Buying Group,Street Address,Street Address Suburb,Street Address State,Street Address Postcode,Note
1,T4U,,,,,,,,,,,,,,,,,,""
2,REPCO AUTO PARTS,,"",,746625111,746625520,"","",12 DRAYTON STREET,DALBY,QLD,4405,,,,,,,1800 641 939  CHARLIE 0411 256648                CHINCHILLA46627121
3,TRUCKLINE,,"",,738751100,738751686,"","",1743 IPSWICH ROAD,ROCKLEA,QLD,4106,,,,,,,TWB 46 345777
4,TYRES 4U,,"",,297999133,297993211,449255303,"",165-171 MILTON STREET P O BOX 1892,NORTH SYDNEY,NSW,2059,,,,,,,MURRAY 0408 063 285      BRIS-WEARHOUSE34378343
5,BIKELINE,,"",,46382242,"","","",16 BELL STREET,TOOWOOMBA,QLD,4350,,,,,,,""
6,BLACK TOYOTA,,"",,46689011,46628515,"",liam.turnbull@blacktoyota.com.au,115-117 CHINCHILLA ST,CHINCHILLA,QLD,4413,,,,,,,JASON 0429 110 582
7,WURTH AUSTRALIA PTY LTD,,"",,1300657765,39764285,"","",2/1 HEALEY ROAD,DANDENONG,VIC,3175,,,,,,,1300 657765 ALLAN WINDER 0418 834 400
8,TOP TYRES AUSTRAILIA PTY LTD,,"",,0738751544,"","","",PO BOX 953,ARCHERFIELD,QLD,4108,,,,,,,1800 809434
9,AG TYRES WHOLESALE,,"",,267524299,267523029,"","",P.O.BOX 1056,MOREE,NSW,2400,,,,,,,1800 028 988      DAVE 0437 772 338
10,COM-PAK PRODUCTS,,"",,738925433,738482042,"","",PO BOX 391 999 IPSWICH ROAD,MOOROOKA,QLD,4105,,,,,,,PAT 0408 637 274
11,METALAND DALBY,,"",,46628377,"","","","",DALBY,QLD,4415,,,,,,,""
12,TYREMAX OFF HIGHWAY,,"",,38129080,38123573,"","",CNR 160 TOONGARRA ROAD & BEIRNE ST,IPSWICH,QLD,4305,,,,,,,1800 453 121
13,CITIC TYRES & WHEELS PTY LTD,,"",,396148000,396147157,"","",LEVEL 7 99 KING STREET,MELBOURNE,VIC,3000,,,,,,,32781400  GREG
14,TYRECORP,,"",,733444177,738751066,"","",P.O. BOX 668,ARCHERFIELD,QLD,4108,,,,,,,""
15,TYREBOYS WHOLESALE,,"",,732744344,732744477,"","",786 BOUNDARY ROAD,COOPERS PLAINS,QLD,4108,,,,,,,1800 111 338
16,AUSTRALIAN TYRE TRADERS,,"",,396874442,396874448,"","",24 SUNSHINE ROAD,WEST FOOTSCRAY,VIC,3012,,,,,,,1300 761 802  A/C  WANTYR
17,FREEDOM TYRES,,"",,0732771126,"","",accounts@freedomtyres.com.au,PO  BOX 224,ARCHERFIELD BC,QLD,4108,,,,,,,1800423188.0
18,Toyo Tyre Australia pty ltd,Neil,"",,287960222,"",409493193,AccountsRec@toyo.com.au,PO Box 5084,MINTO BC,NSW,2566,,,,,,,""
19,BEAUREPAIRES FOR TYRES ROMA,,"",,746222399,746224350,"","",35 HAWTHORN STREET,ROMA,QLD,4455,,,,,,,DES
20,FORDS TYRE SERVICE,,"",,296094688,29725458,"","",PO BOX 6491,WETHERILL PARK,NSW,2164,,,,,,,MOBILE 0428 647 436
21,TYRE & TUBE AUSTRALIA PTY LTD,,"",,288113888,288113891,"","",UNIT 6/17 STANTON ROAD,SEVEN HILLS,NSW,2147,,,,,,,BRISBANE 32555700 1800 451270  A/C NO 261                   SHANE 0413980419
22,KOAST TYRE,,"",,892790777,893771000,"","",PO BOX 3313,BASSENDEAN,WA,6942,,,,,,,ROB 0408 064 327   07 32733400
23,KING WHEELS AUSTRALIA,,"",,732004888,"","","",49 WEAVER ST,COOPERS PLAINS,QLD,4108,,,,,,,""
24,HANKOOK TYRE AUSTRALIA PTY LTD,,"",,298701200,298701201,"","",BUILDING A LEVEL3 TALAVERA ROAD,MACQUARIE PARK,NSW,2113,,,,,,,GREG 0408 993338   1300 133030  A/C 728840
25,TOTAL TYRE SERVICE,,"",,385641100,385641144,"","",80 COLEBARD ST EAST,ACACIA RIDGE,QLD,4110,,,,,,,1300 660 233 A/C 4BFWAN                 REP ANDREW 0409357253
26,CHINCHILLA TYRE & BATTERY,,"",,746627598,746628368,"","",WARREGO HIGHWAY,CHINCHILLA,QLD,4413,,,,,,,DOUG
27,CENTURY BATTERIES P/L,,"",,733616161,733616133,"","",49-65 COBALT STREET P O BOX 427,CAROLE PARK,QLD,4300,,,,,,,TWB  46 345211 ALAN
28,SOUTHERN CROSS FORD,,"",,746627042,746627883,"","",P OBOX 153,CHINCHILLA,QLD,4413,,,,,,,""
29,Microhouse Australia,,"",,1800819984,738560270,"","",3/288 Newmarket Rd,Wilston,QLD,4051,,,,,,,""
30,REMA TIP TOP AUSTRALIA PTY LTD,,"",,732720680,732774660,"",accrec@rema-tiptop.com.au,UNITS 1 & 2/112 GARDENS DRIVE,WILLAWONG,QLD,4110,,,,,,,07 32720680  SCOTT 0403 048 412
31,KUMHO TYRES AUSTRALIA,,"",,737220111,737220101,"","",P.O. BOX 6192,ACACIA RIDGE,QLD,4110,,,,,,,1300 651 413
32,ATLAS TYRES,,"",,32728100,737113232,"","",PO BOX 570 4 EMERALD ST,EAST MAITLAND,NSW,2323,,,,,,,1300 285 278   mark0418495633
33,RESTO COUNTRY SPARES,,"",,395325806,"","","",45 LEVANSWELL ROAD,MOORABBIN,VIC,3189,,,,,,,""
34,TUTT BRYANT EQUIPMENT,,"",,733736400,738751680,"","",PO BOX 38 BRISBANE MARKETS,ROCKLEA,QLD,4106,,,,,,,OFFICE
35,BICYCLE PARTS WHOLESALE,,"",,397029044,397029144,"","",82 MICRO CIRCUIT,DANDENONG,VIC,3175,,,,,,,""
36,DIESEL CARE,,"",,746989350,"",46989350,"",20 PECHEY STREET,TOOWOOMBA,QLD,4350,,,,,,,COURTNEY
37,TYREMAX,,"",,1300120120,1300120121,"","",PO BOX 1123,ARCHERFIELD,QLD,4108,,,,,,,1300 120 120 ACCOUNT NO 13475
38,DALBY TYRERIGHT,,"",,46621833,46621234,"","",CNR NORTH & CONDOMINE ST,DALBY,QLD,4405,,,,,,,""
39,DYNAMIC WHEELS,,"",,1300655870,397634200,"","",75 Australand Drive,Berrinba,Queensland,4117,,,,,,,""
40,EXCLUSIVE TYRES,,"",,732729888,732729588,"","",P O BOX 101,MOOROOKA,QLD,4105,,,,,,,(SALES 1800 681 298) JOE 0403 349603
41,IRONMAN 4X4 PTY LTD,,"",,395321111,395322011,"","",UNIT 10A HALLMARC BUSINESS PARK CNR WESTALL & CENTRE ROADS,CLAYTON,VIC,3168,,,,,,,1300 731 137
42,EXIDE TECHNOLOGIES,,"",,92700100,"","","",LOCKED BAG 3,HAWTHORN,VIC,3122,,,,,,,FREE CALL 1800 800 811   A/C NO 921 519 W     REP GERRY 0412872156
43,MINI MOTORS CHINCHILLA,,"",,46627448,"","","","",CHINCHILLA,QLD,4413,,,,,,,STEVE
44,TRAILOR SPARES DIRECT,,"",,732058846,"","","",4 LEANNE CRES,LAWNTON,QLD,4501,,,,,,,""
45,Bridgestone Australia,,"",,738680000,738680066,417802048,"",P.O. BOX 795,VIRGINIA,QLD,4014,,,,,,,1800 188 034   A/C NO 10003467     PHILL NEW 0418157978
46,MILES TYRE & BATTERY,,"",,46272955,46272600,"","",PO BOX 170,MILES,QLD,4415,,,,,,,NICK
47,BEAR CAT,,"",,32746667,"","","",30 WOOMERA PLACE,ARCHERFIELD,QLD,4108,,,,,,,RUSSELL 0437 133477
48,BSC MOTION TECHNOLOGY,,"",,746344133,746344329,"","",P O BOX 396,VIRGINIA,QLD,4014,,,,,,,""
49,GOODYEAR EARTHMOVER PTY LTD,,"",,297886010,296300789,"","",LEVEL 2 CHURCH ST,PARRAMATTA,NSW,2124,,,,,,,BRISBANE 3275 7000
50,MICHELIN AUSTRALIA PTY LTD,,"",,"",337328005,"",supplier5@gmail.com,P.O. BOX 7257 479 ST KILDA ROAD,MELBOURNE,VIC,3004,,,,,,,REP RICHARD 0419 515 575       1300727878E/MNICK0419515575
51,YOKOHAMA TYRE AUST PTY LTD,Brent,"",26001361459,732788177,02 9645 4786,0475707927,morgan@yokohama.com.au,123-129 Silverwater Road,Silverwater,New South Wales,2128,,,,,,,1800 650 509    RAY 0427 001 981
52,FRANK CROSS TYRES,,"",,268472966,268471402,"","",76 MILLER ST,GILGANDRA,NSW,2867,,,,,,,""
53,ELBORNES TYRES,,"",,46952600,46952700,"","",83-85 CAMPBELL ST,MILLMERRAN,QLD,4357,,,,,,,JASON 0428 952600
54,SCOTTS RADIATOR CHEMICAL PRODUCTS,,"",,32016509,32016539,"","",402 PINE MOUNTAIN ROAD,MUIRLEA,QLD,4306,,,,,,,GRAHAM 0408794080
55,OSBORNE AUTO ELECTRICS,,"",,746628542,746628542,"","",25 GORMLEYS ROAD,CHINCHILLA,QLD,4413,,,,,,,""
56,OCEANIC DIRECT,,"",,397873418,"","","",PO BOX 778,MT ELIZA,VIC,3930,,,,,,,WAYNE 0417 048 377
57,ROH WHEELS AUSTRALIA,,"",,884684179,884684141,"","",P O BOX 5,REGENCY PARK,SA,5942,,,,,,,1300 722 723
58,TREMBATH TYRE REPAIRS PTY LTD,,"",,732828700,"",417638720,"",54 BELAR STREET,YAMANTO,QLD,4305,,,,,,,""
59,CONTINENTAL TYRES OF AUSTRALIA PTY LTD,,"",,1800266844,"","","",2 SCHOLAR DRIVE,BUNDOORA,VIC,3083,,,,,,,DAVE PERRY JONES 0457 104 655
60,GOODYEAR DUNLOP DISTRUBTORS,,"",,393050594,1800673377,"","",P.O. BOX 445,THOMASTOWN,VIC,3074,,,,,,,1300 888973   A/C NO 10011974 W 10011979 T
61,SAMOIS TYRES,,"",,32770080,32770090,"","",PO BOX 330,ANNERLEY,QLD,4103,,,,,,,""
62,BRISBANE RETREADING SERVCE,,"",,733732800,732741078,"","",90 COLEBARD ST WEST,ARCHERFIELD,QLD,4108,,,,,,,""
63,WISE S MOBILE TYRES,,"",,46348668,"","","",2A TAIT ST,TOOWOOMBA,QLD,4350,,,,,,,ATHOL 0409 638028
64,BRISBANE TYRE COMPANY,,"",,32776766,32778212,"","",PO BOX565,ARCHERFIELD,QLD,4108,,,,,,,""
65,TWIN CITY TYRES,,"",,747799260,747791205,"","",352 INGHAM ROAD,GARBUTT,QLD,4814,,,,,,,PETER STRAWB 0418 720750
66,STRUTS-N-STUFF,,"",,46331788,46331777,"","",UNIT18/11 GARDNER CR,TOOWOOMBA,QLD,4350,,,,,,,""
67,REPCO Chinchilla,Madonna,"",,07 46627121,"","",chinchilla394@repco.com.au,73-75 Heeney Street,Chinchilla,QLD,"",,,,,,,""
68,No Supplier,,"",,"","","",suppliers@gmail.com,"","","","",,,,,,,""
69,RARE  SPARES CAPALABA,,"",,732453555,"","","",11 MERRITT ST,CAPALABA,QLD,4157,,,,,,,""
70,SPRINTER TYRES,,"",,1300120120,"","","",PO BOX 3425,TINGALPA,QLD,4173,,,,,,,""
71,DALBY MOTO,,"",,46621211,46623518,"","",19 HOSPITAL ST,DALBY,QLD,4405,,,,,,,""
72,ENIRGI POWER STORAGE PTY LTD,Carl,"",,07 37118920,"",0418873763,"",LEVEL 1 BUILDING10 658 CHURCH STREET,RICHMOND,VIC,3121,,,,,,,"contact carl when we cannot get a hold of vaughn 0418873763
TWB OFFICE 0407 720665"
73,TILLYS CRAWLER PARTS PTY LTD,,"",,746336000,746336001,"","",P O BOX 2544 348 TAYLOR STREET,TOOWOOMBA,QLD,4350,,,,,,,TOLL FREE  1800 076 280
74,TAROOM HARDWARE,,"",,746273180,746286200,"","",P O BOX 12,TAROOM,QLD,4420,,,,,,,""
75,TAROOM MOTORS,,"",,746273249,746273244,"","",YALDWYN STREET,TAROOM,QLD,4420,,,,,,,A/H 07 4627 3280
76,BRIDGESTONE EARTHMOVING TYRE PTY LTD,,"",,297226111,734564899,"","",P.O. BOX 151,REGENTS PARK,NSW,2143,,,,,,,1800 114 040    07 34564800  A/C 411BFTWA
77,BIG TYRE TYRE RECONDITIONERS PTYLTD,,"",,746999777,746999701,"","",226 NORTH STREET P O BOX 1777,TOOWOOMBA,QLD,4350,,,,,,,""
78,MCLEOD PLANT HIRE,,"",,438006901,"","","",39 WISTERIA CRESCENT,MT GRAVATT,QLD,4122,,,,,,,MICK
79,MILES ENGINEERING,,"",,46271488,46271205,"","",PO BOX 91,MILES,QLD,4415,,,,,,,""
80,EAGLE AUTO PARTS,,"",,734428000,734428099,"","",UNIT 1 100 PARK ROAD,SLACKS CREEK,QLD,4127,,,,,,,""
82,LACHLAN GRAHAM MOBILE MECHANICAL SERVICE,,"",,746273671,"","","",PO BOX 378,TAROM,QLD,4420,,,,,,,LACHLAN
83,PERFORMANCE INDUSTRIES PTY LTD,,"",,882949455,882941926,"","",P O BOX 230 60 KINKAID AVENUE,PLYMPTON,SA,5038,,,,,,,WEBSITE www.performancewheels.com.au                  QLD32900022
84,OCEAN TYRES,,"",,749724811,749726573,"","",PO BOX 945 SHED 2 112 HANSON ROAD,GLADSTONE,QLD,4680,,,,,,,LANCE BECKER  0400 717 515 STEVE 32745585
85,DALBY ENGINE REBUILDERS,,"",,46725155,46725199,"","",PO BOX 61,DALBY,QLD,4405,,,,,,,""
86,HASTINGS DEERING,,"",,131228,"","",tbeords@hastingsdeering.com.au,PO BOX3114 VILLAGE FAIR,TOOWOOMBA,QLD,4350,,,,,,,""
87,YHI AUSTRALIA PTY LTD,,"",,33797188,297562633,"","",PO BOX 6707,WETHERILL PARK,NSW,2164,,,,,,,07 3379 7188
88,RACE CAR ENGINEERING PTY LTD,,"",,732995570,732995430,"","",42 MOSS ST,SLACKS CREEK,QLD,4127,,,,,,,""
89,MURRAY TYRE & MECHANICAL,,"",,46625644,46625681,"","",42 DRAYTON ST,DALBY,QLD,4405,,,,,,,""
90,JOHNSONS- DALBY,,"",,46622422,46624311,"","",36 DRAYTON ST,DALBY,QLD,4405,,,,,,,""
91,ALLIED WHEELS,,"",,732934500,732934800,"","",93 KABI CIRCUIT,DECEPTION BAY,QLD,4508,,,,,,,""
92,WATER SKIERS WAREHOUSE QLD,,"",,46379511,46379513,"","",91-93 NEIL ST,TOOWOOMBA,QLD,4350,,,,,,,""
93,STREET ART WHEELS,,"",,746341474,746333400,"","",9 FREIGHTER AVENUE WILSONTON,TOOWOOMBA,QLD,4350,,,,,,,TOM
94,SPEEDY CORPORATION PTY LTD,,"",,296093399,296093355,"","",P O BOX 7095,WETHERILL PARK,NSW,2164,,,,,,,TOLL FREE 1300 657 957
95,BOB JANE T-MARTS,,"",,46627111,46627047,"","",BUNYA HWY,KINGAROY,QLD,4610,,,,,,,""
96,GOODRIDE TYRES ( QLD ) PTY LTD,,"",,32746333,33738936,"","",195 MUSGRAVE ROAD,COOPERS PLAINS,QLD,4108,,,,,,,""
97,THE BARN OAKEY PTY LTD,,"",,46911620,46913121,"","",PO BOX 13,OAKEY,QLD,4401,,,,,,,KEVIN
98,ALCOA WHEEL PRODUCTS,,"",,93115800,33757916,"","",PO BOX 1030,GLENGALA,VIC,3020,,,,,,,BRENTON BELL 07 3375 7899  0404 800225
99,DON BROSNAN  TYRES,,"",,46221899,46224573,"","",CNR BOWEN & CHARLES STI,ROMA,QLD,4455,,,,,,,DON 0458 119585
100,DON WARRINERS EARTHQUIP PTY LTD,,"",,32771377,32775739,"","",162 KERRY ROAD PO BOX 632,ARCHERFIELD,QLD,4108,,,,,,,MANSFEILD
101,TSW AUTOMOTIVE PTY LTD,,"",,288502200,288504551,"","",35/5 GLADSTONE ROAD,CASTLE HILL,QLD,2154,,,,,,,MITCH
102,CHINCHILLA WRECKERS,,"",,46627076,"","","",WAMBO ST,CHINCHILLA,QLD,4413,,,,,,,GRAHAM
103,RON ANGEL WHOLESALE,,"",,1300997006,1300441011,"","",33 MACQUARIE DRIVE,THOMASTOWN,VIC,3074,,,,,,,A/C TRWAND   REP ADRIAN 0448 008 740
104,SAFELIFT SOLUTIONS,,"",,397065266,"","","",I ENGLAND ST,DANDENONG,VIC,3175,,,,,,,""
105,B & G TYRES,,"",,732767028,32757036,"","",PO BOX 717 64 SUCCESS ST ACIA RIDGE,ARCHERFIELD,QLD,4108,,,,,,,""
106,INDUSTRIAL TYRES PTY LTD,,"",,32771792,32770658,"","",180 MUSGRAVE ROAD,COOPERS PLAINS,QLD,4108,,,,,,,""
107,TOVEETY MACHINERY,,"",,249736044,249736144,"","",PO BOX 9212,WYEE,NSW,2259,,,,,,,""
108,TYREPOWER CHINCHILLA,,"",,746689242,746689243,"","",P O BOX 148,CHINCHILLA,QLD,4413,,,,,,,DON 0438 689242
109,GARDEN CITY TYRES,,"",,46392244,46329824,"","",PO BOX 8018,TOOWOOMBA,QLD,4350,,,,,,,""
110,TYRE SHACK,,"",,244235447,"","","",4/10 CENTRAL AVENUE,SOUTH NOWRA,NSW,2541,,,,,,,""
111,VIKING MJ TRADING PTY LTD,,"",,732746967,732746968,"","",PO BOX 257 10 LOMBANK STREET,ARCHERFIELD,AUS,4110,,,,,,,LEO
112,BEAUREPAIRES CHARLEVILLE D & L CAPEWELL P/L,,"",,746541359,746543217,"","",71 WILLS STREET,CHARLEVILLE,QLD,4470,,,,,,,""
113,TRANSIT TYRES,,"",,49524326,49526897,"","",27 CONNORS ROAD,PAGET,QLD,4740,,,,,,,""
114,FUTURE FUEL DISTRIBUTORS,,"",,46286300,46286400,"","",PO BOX 137,TAROOM,QLD,4420,,,,,,,""
115,QTR TYRE PROFESSIONALS,,"",,732751755,732770097,"","",P.O. BOX 1030,ARCHERFIELD,QLD,4108,,,,,,,""
116,WIPPELLS AUTO,,"",,46319999,46319911,"","",169-181 HERRIES  ST,TOOWOOMBA,QLD,4350,,,,,,,""
117,WANDOAN TYRERIGHT,,"",,46274306,46274117,"","",PO BOX  39,WANDOAN,QLD,4419,,,,,,,""
118,NEALE WHEELS,,"",,296421002,297426942,"","",30 GOULD ST,SOUTH STRATHFIELD,NSW,2136,,,,,,,WALLY 96431325
119,TTS TYRE SERVICE,,"",,37182266,1300793457,"","",11 QUINDUS ST WACOL PO BOX 205,CAROLE PARK,QLD,4300,,,,,,,NEIL 0439 544 425  SHANE 0438 127045
120,VALLEY TYRES,,"",,249336722,249343006,"","",PO BOX 570,EAST MAITLAND,NSW,2323,,,,,,,SHAUN
121,SUMITOMO RUBBER,,"",,1300858112,738481500,"","",120 TENNYSON MEMORIAL DR P.O. BOX 114,"",QLD,4108,,,,,,,BARBARA 0417 191 067
122,TOOWOOMBA HONDA,,"",,46322955,46391105,"","",50 WATER  ST,TOOWOOMBA,QLD,4350,,,,,,,""
123,SCOOTER CITY,,"",,1800726683,"","","",6/1645 IPSWICH ROAD,ROCKLEA,QLD,4106,,,,,,,""
124,ENZED - SURAT BASIN,,"",,46627038,46689228,"","",2 B OSBORNE STREET,CHINCHILLA,QLD,4413,,,,,,,TIM COLEMAN 0488 076233
125,ROMA TYRE BARN,,"",,46226090,46221287,"","",PO BOX 1299,ROMA,QLD,4455,,,,,,,TREVOR 0427 116123
126,MOTO QUIPE,,"",,1300554288,"","","",262 GILBERT ST,ADELAIDE,SA,5000,,,,,,,""
127,EAGLE TYRES AUSTRALIA,,"",,732170050,732170302,"","",7/32 SPINE ST,SUMNER PARK,QLD,4074,,,,,,,WILLIAM
128,EAGLE S.M.F. TYRE ACCESSORIES,,"",,38811011,38810014,"","","UNIT 1, 348 SOUTHPINE RD",BRENDALE,QLD,4500,,,,,,,STEVE 0418 963 026
129,DRIVE LINE SERVICES,,"",,738897366,738897433,"","",1/6 COMBARTON ST,BRENDALE,QLD,4500,,,,,,,""
130,MULLINS WHEELS,,"",,"",732770303,"",accounts@mullins.com.au,14 SUCCESS STREET,ACACIA RIDGE,QLD,4110,,,,,,,0732778677A/CNO40655
131,CLARK RUBBER,,"",,1800700291,"","","",23-25 PRESCOTT ST,TOOWOOMBA,QLD,4350,,,,,,,""
132,QTR NORTH QLD PTY LTD,,"",,49283988,49288629,"","",PO BOX 5443,RED HILL,QLD,4701,,,,,,,""
133,SNAKE RACING,,"",,295701588,295708879,"","",496 FOREST ROAD,PENEHURST,NSW,2222,,,,,,,""
134,AINSWORTH MOTORS,,"",,46627286,46627197,"","",PO BOX 235,CHINCHILLA,QLD,4413,,,,,,,""
135,TYREPOWER MITCHELL,,"",,46231460,33379874,"","",PO BOX 121,MITCHELL,QLD,4465,,,,,,,ADRIAN
136,SQMH TOOWOOMBA,,"",,46342744,46342755,"","",111 MCDOUGALL ST,TOOWOOMBA,QLD,4350,,,,,,,GRAIG 0447 595659
137,LUG NUT AUSTRALIA,,"",,397376330,"","","",44 INDUSTRIAL PARK DRIVE,LILYDALE,VIC,3140,,,,,,,""
138,COOBEE PTY LTD,,"",,408495762,"","","",493 SOUTH ST,TOOWOOMBA,QLD,4350,,,,,,,BILL
139,AUSTRLASIAN TRANSPORT TEBHNOLOGIES PTY LTD,,"",,299830961,297370060,"","",P.O.BOX 108,PYMBLE,NSW,2073,,,,,,,IAN      0412 437676
140,ADDFAST ACCESSORIES,,"",,39067034,39067098,"","",PO BOX 3434,TINGALPA,QLD,4173,,,,,,,DUNLOP MOTORCYCLE TYRES
141,A 1 ACCESSORY,,"",,38061800,38061755,"","",PO BOX 4343,LOGANHOME,QLD,4129,,,,,,,"FOR SWAMP FOX TYRES
FOR SWAMP FOX TYRES"
142,DOWNS TRAILER CENTRE,,"",,746391825,"","","",2 WILLOW STREET,TOOWOOMBA,QLD,4350,,,,,,,""
143,DINGO MINI DIGGERS PTY LTD,,"",,46725400,46725422,"","",PO BOX 721,DALBY,QLD,4405,,,,,,,""
144,MUFFLER KING,,"",,46324990,"","","",219 RUTHVEN ST,TOOWOOMBA,QLD,4350,,,,,,,""
145,ARMSTRONG TYRES PTY LTD,,"",,354484822,354484785,"","",PO BOX 300,EPSOM,VIC,3551,,,,,,,""
146,MARATHON TYRES,,"",,249602144,249688256,"","",10 FRIESIAN CLOSE P.O. BOX 301 HRMC,SANGATE,NSW,2910,,,,,,,BRISBANE 3879 3211
147,HANSEN STEVE,,"",,41684664,"","","",M/S 571,MURGON,QLD,4605,,,,,,,STEVE 0428 623784  0418 775 698
148,ADVANCE TRADERS PTY LTD,,"",,1.30036168607362e+19,736234916,"","",P O BOX 279,BANYO,QLD,4014,,,,,,,""
149,SOUTH WEST 4WD,,"",,46347171,46347132,"","",50 CARRINGTON ROAD,TOOWOOMBA,QLD,4350,,,,,,,""
150,TOOWOOMBA MOTOR GROUP,,"",,746623122,"","","",43 ARCHIBALD ST,DALBY,QLD,4405,,,,,,,""
151,WRIGHTS TRUCK & TRAILER PARTS,,"",,740353150,"","","",PO BOX 6951,CAIRNS,QLD,4870,,,,,,,""
152,DO NOT USE,,"",,"",1300724848,"",supplier6@gmail.com,51-57 FENNELL ST,PORT MELBOURNE,VIC,3207,,,,,,,BRAD 0418 241 511 21.5 FROM LIST      1300727878A/CNO40007027
153,ASTOR METAL FINISHERS,,"",,297275622,297274158,"","",PO BOX 232,VILLAWOOD,NSW,2163,,,,,,,""
154,ALBURY ELECTROPLATERS,,"",,260211205,260214370,"","",214 BORELLA ROAD,EAST ALBURY,NSW,2640,,,,,,,CHRIS 0410 533923
155,ARB TOOWOOMBA,,"",,746321122,746321126,"","",PO BOX 2382,TOOWOOMBA,QLD,4350,,,,,,,""
156,BUTLERS TOYOTA,,"",,46318388,"","","",PO BOX 3092,TOOWOOMBA,QLD,4350,,,,,,,""
157,MILES AUTO PARTS,,"",,46272066,46272208,"","",62 MURILLA ST,MILES,QLD,4415,,,,,,,""
158,BCI WHEELS BAY CITY IMPORTS,,"",,352784657,"","","",UNIT 4 164  VICTORIA ST,NORTH GEELONG,VIC,3215,,,,,,,0425 793859
159,TRR AUTO PARTS,,"",,38036666,38030202,"","",PO BOX 375,BROWNS PLAINS,QLD,4118,,,,,,,""
160,EARTHMOVING EQUIPMENT AUSTRALIA,,"",91146265983,296711000,296717177,"",parts-team@eeaustralia.com.au,123 COBALT ST,CAROLE PARK,QLD,4300,,,,,,,""
161,SOUTHSIDE 4WD WRECKING,,"",,32741222,32742858,"","",124 BONIFACE ST,ARCHERFIELD,QLD,4108,,,,,,,""
162,FLEET PARTS AUSTRALIA LTD,,"",,46335777,46335227,"","",PO BOX 55 WYALLA PLASA,TOOWOOMBA,QLD,4350,,,,,,,""
163,AUSSIE POWERSPORTS,,"",,747874554,"","","",UNIT 2 71-73 KING ST,CHARTERS TOWERS,QLD,4820,,,,,,,""
164,ROCKET INDUSTRIES PTY LTD,,"",,288251900,288251911,"","",40 HUNTINGWOOD DRIVE,HUNTINGWOOD,NSW,2148,,,,,,,""
165,EMA AUSTRALIA,,"",,260255666,"","","",32 FALLON ST,ALBURY,NSW,2640,,,,,,,""
166,TOOWOOMBA TRUCK SPARES,,"",,46331336,46331696,"",sales@ttspares.com.au,501 BOUNDARY ROAD,TOOWOOMBA,QLD,4350,,,,,,,""
167,SPIDER GT PTY LTD,,"",,397925006,397066100,"","",6-18 ANTONELLA COURT,DANDENONG SOUTH,VIC,3175,,,,,,,""
168,ANTIQUE TYRES,,"",,394584433,394584795,"","",134 MCEWAN ROAD,WEST HEIDELBERG,VIC,3081,,,,,,,""
169,RISING SUN TYRE & ALIGNMENT PTY LTD,,"",,747257688,747257701,"","","270 CHARTERS TOWERS ROAD P.O. BOX 7008, GARBUTT B/C 4814",TOWNSVILLE,QLD,4814,,,,,,,""
170,SUPERFORMANCE,,"",,734887888,"","","",539 REDLAND BAY ROAD,CAPALABA,QLD,4157,,,,,,,""
171,SYDNEY COMPETITION WAREHOUSE,,"",,298915088,"","","","",SYDNEY,NSW,"",,,,,,,JAMES 0427 989037
172,EUROTRED AUST PTY LTD,,"",,32057033,32054764,"","",17 TERRENCE ROAD,STRATHPINE,QLD,4500,,,,,,,""
173,CLASSIC AUTO,,"",,46382333,46322002,"","",PO BOX 7243,TOOWOOMBA,QLD,4350,,,,,,,""
174,KWT Imports,,"",,754451991,"","",orders@kwtimports.com.au,PO Box 5099,Maroochydore,QLD,4558,,,,,,,""
175,TOOWOOMBA BIKES & BITS,,"",,746321700,"","","",1A GOGGS ST,TOOWOOMBA,QLD,4350,,,,,,,""
176,ARROW TOWBARS,,"",,736308181,"","","",UNIT 2/13ROBERTSON STREET,BRENDALE,QLD,4500,,,,,,,""
177,AUTO CRAZE,,"",,1800099634,"","","",95-99 SILVERWATER ROAD UNIT 5,SILVERWATER,NSW,2128,,,,,,,ADAM 1800 099 634
178,THE WHEEL DEAL,,"",,397292777,"","","",1 /981 MOUNTAIN HIGHWAY,BORONIA,VIC,3155,,,,,,,BRATT
179,FRIENDS HOLDEN WRECKERS,,"",,352772288,352772322,"","","114 DOURA ST,",NTH GEELONG,VIC,2322,,,,,,,""
180,DARLING DOWNS EXPRESS TRANSPORT,,"",,46337288,46337544,"","",41-45 INDUSTRIAL AVENUE,TOOWOOMBA,QLD,4350,,,,,,,""
181,PHOTO ELECTRIC SERVICES,,"",,746328882,746320973,"","",29 STEPHENS STREET,TOOWOOMBA,QLD,4350,,,,,,,""
182,ROCKLEA TRUCK PARTS,,"",,32716996,32716995,"","",1136 BOUNDARY ROAD,WACOL,QLD,4076,,,,,,,""
183,PERFORMANCE DECALS & SIGNS,,"",,732083440,"","","",7/22-26 ALLGAS ST,SLACKS CREEK,QLD,4127,,,,,,,""
184,Blackwoods,,"",,737126200,"","",Blackwoods_remittances@blackwoods.com.au,313 Taylor street,Toowoomba,QLD,4350,,,,,,,""
185,DALBY RADIATOR WORKS,,"",,46622829,46625555,"","",PO BOX 85,DALBY,QLD,4405,,,,,,,ROB  0427 622829
186,BLACKTOWN CITY SUSPENSION,,"",,298318825,"","","",24 LIDCO STREET AMDELL PARK,SYDNEY,NSW,2000,,,,,,,ANDREW McCREDDEN
187,NETA TIRE SERVICE & SALES P/L,,"",,"","",746349238,sales@neta.com.au,P.O. BOX 121,VIRGIBIA,QLD,4014,,,,,,,1800 803532
188,SUBURBAN TOWING & EQUIPMENT,,"",,245878222,"","","",9-11 GROVES AVE,MULGRAVE,NSW,2756,,,,,,,""
189,CLASSIC BICYCLES,,"",,55618122,55618133,"","",PO BOX 688,HELENSVALE,QLD,4212,,,,,,,""
190,AVIALL,,"",,32778322,32741170,"","",ARCHERFIELD,BRISBANE,QLD,"",,,,,,,""
191,GEAR BOX SHOP,,"",,738084055,738084155,"","",10 HERBERT ST,SLACKS CREEK,QLD,4127,,,,,,,""
192,PBS SPECIALTY COATINGS PTY LTD,,"",,746592500,"","","",23 MOLLOY ST,TOOWOOMBA,QLD,4350,,,,,,,""
193,INGRAM,,"",,737154600,738752241,"","",UNIT1/15 PERRIN PLACE,SALISBURY,QLD,4105,,,,,,,ARCHERFIELD 32778633
194,M GROUP TYRE & MECHANICAL -ROCKHAMPTON,,"",,749234700,749234706,"","",PO BOX 5171,MACKAY,QLD,4700,,,,,,,""
195,BRIDGESTONE SERVICE CENTRE,,"",,748425400,748425420,"","",96 MAGGIOLO DRIVE,PAGET,QLD,4740,,,,,,,""
196,MAX GARAGE EQUIPMENT,,"",,34191069,"","","",3 JOEL COURT,KALLANGUR,QLD,4503,,,,,,,ANDREY 0450 697 903
197,TECHKING AUSTRALIA,,"",,738996184,"","","",UNIT 4/58 METROPLEX AVENUE,MURARRIE,QLD,4172,,,,,,,TECHKING
198,TOOWOOMBA OUTDOOR POWER PRODUCTS,,"",,46328455,46328073,"","",22 ROCKLA COURT,TOOWOOMBA,QLD,4350,,,,,,,""
199,PEDDERS SUSPENSION IPSWICH,,"",,32021211,38122008,"","",264 BRISBANE ST,IPSWICH,QLD,4305,,,,,,,""
200,WORTH & SONS MOBILE AUTO AIR,,"",,427689386,"","","",PO BOX 19,TAROOM,QLD,4420,,,,,,,RUSSELL
201,JCB EQUIPMENT,,"",,737153200,737153299,"","",PO BOX 1003,BROWNS PLAINS,QLD,4118,,,,,,,JIMMY
202,FERRO FINISHING PTY LTD,,"",,295341155,295334579,"","",PO BOX 245,RIVERWOOD,NSW,2210,,,,,,,""
203,JAS OCENIA PTY LTD,,"",,46347300,46345475,"","",3 / 1.5 GARDNER CRT,WILSONTON,QLD,4350,,,,,,,""
204,VANDERFIELD,,"",,46627006,46628478,"","",PO BOX 143,CHINCHILLA,QLD,"",,,,,,,""
205,DAIMLER TRUCKS,,"",,46314000,46314033,"","",CNR TAYLOR & MCDOUGALL ST,TOOWOOMBA,QLD,4350,,,,,,,""
206,Energi Power,,"",99002848580,733861036,"","","",A1.1/ 14 Dixon St,Yatala,QLD,4207,,,,,,,""
207,BLISS CUSTOM MACHINING,,"",,408728250,"","","",3-7 HOOP PINE COURT,JIMBOOMBA,QLD,4280,,,,,,,MEGAN
208,DUNN & WATSON PTY LTD,,"",,730776699,"","","",1/35 MILLENNIUM PLACE,TINGALPA,QLD,4173,,,,,,,MADI
209,OUTLAW SPEED SHOP,,"",,882409500,"","","",50 GRAND JUNCTION ROAD,ROSEWATER,SA,5013,,,,,,,""
210,A1 EXHAUSTS & MECHANICAL CHINCHILLA,,"",,46627186,46689955,"","",CNR RAILWAY & HEENEY STREET PO BOX 512,CHINCHILLA,QLD,4413,,,,,,,"LEE
LEE"
211,Savcom,,"",,738065722,"","",matthew.jordan@savcom.com.au,38 Chetwynd Street,Loganholme,QLD,4129,,,,,,,""
212,SEALED PERFORMANCE BATTERIES,,"",,733861102,733861106,"","",6 ACCESS AVENUE,YATALA,QLD,4207,,,,,,,NICKY 0414 747 472
213,GOODYEAR WOOLLOONGABBA,,"",,7.33914410385227e+16,733921107,"","",CNR BALACLAVA & JURGENS STREET,WOOLLOONGABBA,QLD,4102,,,,,,,DARREN
214,PREVENT-A-FLAT,,"",,500510810,500511811,"","",P O BOX 6638,CHATHAM,NSW,2430,,,,,,,WEBSITE  www.preventaflat.com.au
215,CAE PERFORMANCE PRODUCTS,,"",,354721442,"","","",7 MAIN ROAD,CHEWTON,VIC,3450,,,,,,,""
216,SPACEAGE SIGN SYSTEM,,"",,754914488,754913465,"","",PO BOX 3642,CALOUNDRA WEST,QLD,4551,,,,,,,""
217,WESTERN DOWN AUTOGLASS,,"",,746689914,746689915,"","",48 COLAMBA STREET,CHINCHILLA,QLD,4413,,,,,,,TRAVIS
218,DEKK RUBBER TRACKS & PADS,,"",,7.37371855130033e+18,"","","",35 MILLENIUM F1,TINGALPA,QLD,4105,,,,,,,JARED 0437 030 370
219,GENELITE,,"",,732778626,732778627,"","",24 PERRIN PLACE SALISBURY,"","",4107,,,,,,,OFFICE
220,TYREPOINT,,"",,1300724586,733738870,"","",169 BRADMAN ST,ACACIA RIDGE,QLD,4110,,,,,,,JEFF
221,SUNDRY CREDITOR ACCOUNT,,"",,"","","",supplie2rs@gmail.com,"","",QLD,"",,,,,,,""
222,SEATS R US,,"",,32744139,32773896,"","",1620 IPSWICH ROAD,ROCKLEA,QLD,4106,,,,,,,""
223,CRAWFO S TYRES,,"",,46222399,46224350,"","",90 CHARLES ST,ROMA,QLD,4455,,,,,,,0458 754622
224,LANDMARK,,"",,46253488,"","","",PO BOX 210,ST GEORGE,QLD,4487,,,,,,,""
225,GOODYEAR DALBY,,"",,46622165,"","","",CNR CONDAMINE & NEW STS,DALBY,QLD,4405,,,,,,,JIM CHARLTON
226,CARROLL TYRES,,"",,732871655,"","","",16 HOVEY ROAD,YATALA,QLD,4207,,,,,,,""
227,QUEENSLAND AUTOMATICS,,"",,732656038,"","","",75 GRANITE ST,GEEBUNG,QLD,4034,,,,,,,""
228,QLD AUTOMATIC TRANSMITIONS,,"",,732656038,"","","",75 GRANITE ST,GEEBUNG,QLD,4034,,,,,,,""
229,D & N WELDING,,"",,46967208,46969030,"","",10 CLIFFORD ST,MERINGANDAN,QLD,4352,,,,,,,DAVE 0427 967208
230,JACKSONS PARTS N INDUSTRIAL SUPPLIES,,"",,46691244,46628267,"","",LOT 2 INVERAI ROAD,CHINCHILLA,QLD,4413,,,,,,,""
231,POWERFULL 4 X 4,,"",,280049402,297233924,"","",UNI 286 HUME HIGHWAY,JANSVALE,NSW,2166,,,,,,,""
232,DINGO MINI DIGGERS Pty. Ltd.,,"",,746725400,746725422,"","",PO BOX 721 9 OWEN STREET,DALBY,QLD,4405,,,,,,,OFFICE
233,SCOOTERS & MOBILITY,,"",,733903320,"","","",1/48 REDLAND BAY ROAD,CAPALABA,QLD,4157,,,,,,,""
234,FORMULA WHEELS,,"",,755961530,755961519,"","",40 SPENCER ROAD,NERANG,QLD,4211,,,,,,,""
235,GYMPIE 4 WD SPARES,,"",,754823900,754827455,"","",6 HALL ROAD,GYMPIE,QLD,4570,,,,,,,""
236,GOODYEAR AUTO SERVICE CENTRE BOWEN,,"",,47861511,47833109,"","",PO BOX 709 16 DON ST,BOWEN,QLD,4805,,,,,,,""
237,SDJ MECHANICAL,,"",,46274104,46274171,"","",27 ZUPP ROAD,WANDOAN,QLD,4419,,,,,,,STEVE
238,TAROOM WELDING & STEEL,,"",,46,"","","",PO BOX  343,TAROOM,QLD,4420,,,,,,,""
239,COLRAIN TRAIL TRUCK QLD,,"",,38758600,33738655,"","",1890 IPSWICH ROAD,ROCKLEA,QLD,4106,,,,,,,""
240,ACME TYRES,,"",,"","","","",23 HEDLEY AVENUE,HENDRA,QLD,4011,,,,,,,""
241,ADVANTAGE TYRES -ROCKLEA,,"",,32768466,32768477,"","",CNR GRINDLE ROAD & PERMARIGE,ROCKLEA,QLD,4106,,,,,,,ROB 0408 064 327
242,AG TYRE SPECIALISTS PTY LTD,,"",,249143205,"","","",PO BOX 301 HUNTER REGION MAIL CENTRE,"",NSW,2304,,,,,,,ELI 0405 221334
243,A.HAY TPT,,"",,427275224,427968849,"","",10 WELDON ST,WANDOAN,QLD,4419,,,,,,,ADAM
244,A.L TRANS,,"",,"","","","",884 FOURTEENTH ST,MILDURA,VIC,3500,,,,,,,""
245,AMATIL COCA COLA PTY LTD,,"",,"","","","","","",QLD,"",,,,,,,""
246,ARTHUR & CHRIS PULFORD,,"",,"",746274131,"","",P O BOX 47,WANDOAN,QLD,4419,,,,,,,0746275125A/H466274421
247,Ashdown Ingram,,"",,"","","","","","","","",,,,,,,""
248,Australian Tax Office,,"",,"","","","","",Canberra,ACT,"",,,,,,,""
249,AUSTRALIA POST,,"",,"","","","",McDOWALL STREET,ROMA,QLD,4455,,,,,,,""
250,AUSTRALIN SUPER,,"",,"","","","",GPO BOX 1901,MELBOURNE,VIC,3000,,,,,,,""
251,AW ADAMS & SONS,,"",,"","","","","",TAROOM,QLD,4420,,,,,,,""
252,BARSBY SPARE PARTS,,"",,"","","","",294 GYMPIE ROAD,MARYBROUGH,QLD,4650,,,,,,,41223855.0
253,BEAUREPAIRES CASH ACCOUNT,,"",,"","","","","",WANDOAN,"",4419,,,,,,,""
254,BEAUREPAIRES FOR TYRES - INDOOROOPILLY,,"",,"","","","",UNIT 10 INDOOROOPILLY CENTRAL CNR MOGILL RD & KEATING ST,INDOOROOPILLY,"",4068,,,,,,,""
255,BFT COROWA,,"",,260331477,"","","",229 FEDERATION DRIVE,COROWA,NSW,2646,,,,,,,""
256,BOB JAME TOOWOOMBA,,"",,46327999,"","","","","","","",,,,,,,SCOTT BRISKI
257,BOB JANE T- MARTCAPALABA,,"",,732454233,733903631,"","",46 REDLAND BAY ROAD,CAPALABA,QLD,4157,,,,,,,DAVE
258,BOC GASSES,,"",,"","","","","","",QLD,"",,,,,,,""
259,BORAL TYRES,,"",,"","","","",P.O. BOX 1082 ARCHERFIELD,"",QLD,4108,,,,,,,""
260,BORDER TYRES,,"",,46713677,46713699,"","",PO BOX 210,GOONDWINDI,QLD,4390,,,,,,,""
261,BP WANDOAN,,"",,"","","","",4 ZUPP ROAD,WANDOAN,QLD,4419,,,,,,,""
262,BRISBANE TYRE RECYCLING,,"",,"","","","",6 SPIERS STREET,NORTHGATE,QLD,4013,,,,,,,""
264,BT BUSINESS SUPER,,"",,"","","","",PO BOX 2362,ADELAIDE,SA,5001,,,,,,,""
265,BUNGABERG TOYWORLD,,"",,"",741529926,"",suppliers77@gmail.com,107 TAKALVAN STREET,BUNABERG,QLD,4670,,,,,,,""
266,Bursons Auto Parts,,"",,"","","","","","","","",,,,,,,""
267,CAR MATS DIRECT,,"",,"","","",supplier88@gmail.com,"","","","",,,,,,,""
268,Cash Purchases,,"",,"","","",supplier99@gmail.com,For cash purchases of Inventory,"",QLD,"",,,,,,,""
269,C F PERFORMANCE,,"",,46333400,"","","",2/202 MCDOUGALL ST,TOOWOOMBA,QLD,4350,,,,,,,BOB
270,Charlton Produce,Dave,"",94133700311,418779746,"",448304423,admin@charltonproduce.com.au,10805 Warrego Highway,Charlton,QLD,4350,,,,,,,""
271,CHESTERFIELD,,"",,"","","","",CNR NORTH & CONDERMINE ST,DALBY,"",4405,,,,,,,""
272,COLONIAL TYRE SERVICE,,"",,245714044,245714011,"","",PO BOX 399,RICHMOND,NSW,2753,,,,,,,""
273,CRACKER PRINT AND PAPER,,"",,7,"","","","","","","",,,,,,,""
274,CREEVEY RUSSELL LAWYERS,,"",,46178777,46178788,"","",PO BOX 833,TOOWOOMBA,QLD,4350,,,,,,,DAN 46 178711 SIMON 46 178733
275,CREEVY SHEEHAN & ASSOCIATES,,"",,746628066,746628105,"","",P O BOX142 106 HEENEY STREET,CHINCHILLA,QLD,4413,,,,,,,""
276,DALBY GLASS ALUMINIUM & SECURITY,,"",,46621000,46697717,"","",16 EILEEN ST,DALBY,QLD,4405,,,,,,,""
277,DARK TIME COMPUTOR SERVICE,,"",,46689991,"","","",7 MAYNE ST,CHINCHILLA,QLD,4413,,,,,,,DANIEL
278,DARLING DOWNS FREIGHT SERVICE,,"",,(07) 46623775,"","","",8 Irvingdale Road,Dalby,Queensland,4405,,,,,,,BRETT 46 623775 DRIVER PETER 0455 216967
279,DEPULU WHEELS,,"",,755973891,755973893,"","",13 DOMINIONS ROAD,ASHMORE,QLD,4214,,,,,,,""
280,DIV WORKPLACE HEALTH & SAFETY,,"",,"","","","",P.O. BOX 628,PADDINGTON,QLD,4064,,,,,,,""
281,DOWNS OFFICE EQUIPMENT,,"",,46324733,46382177,"","",203 JAMES ST,TOOWOOMBA,QLD,4350,,,,,,,A/C CODE WANDTYRE
282,DRAGWAY WHEELS,,"",,"","","",suppli45er@gmail.com,5/20 BOORAN DRIVE,LOGAN CITY,QLD,4114,,,,,,,IAN 0458 802 219
283,DREAM RIDES,,"",,"","","","",108 MARK ROAD,ROSSMORE,NSW,2557,,,,,,,JOE
284,DUBBO TYRERIGHT,,"",,268823622,26883629,"","",PO BOX 613,DUBBO,NSW,2830,,,,,,,""
285,D & W TRANSPORT,,"",,"","","","",PO BOX 169,WANDOAN,QLD,4419,,,,,,,""
286,ENVISION PARTNERS,,"",,746628700,746627811,"","","""ACACIA HOUSE"" 58 HEENEY STREET",CHINCHILLA,QLD,4413,,,,,,,KERRI 0429 479 431
287,ERGON ENERGY,,"",,131046,"","","",ROYDS STREET,WANDAON,QLD,4419,,,,,,,""
288,EV POWER AUSTRALIA PTY LTD,,"",,"","","",supplie765r@gmail.com,5690 CAVES ROAD,BURNSIDE,WA,6285,,,,,,,""
289,FORD WRECKERS REDCLIFFE,,"",,"","","",suppli456er@gmail.com,13 ROBSON ST,REDCLIFFE,"",4019,,,,,,,""
290,GAS IMPORTS PTY LTD,,"",,38089799,38089766,"","",PO BOX 1646,SPRINGWOOD,QLD,4127,,,,,,,""
291,GERRY BROWN S TYRES,,"",,46332323,46341197,"","",11CARRINGTON ROAD,TOOWOOMBA,QLD,4350,,,,,,,GERRY
292,GILROY MOTORS,,"",,746274422,"","","",57 ROYDS STREET,WANDOAN,QLD,4419,,,,,,,GARRY
293,GOLDEN WEST COURIERS,,"",,746624769,412279876,411029215,"",23 COLLEGE CRESCENT,DALBY,QLD,4405,,,,,,,ROB
294,GOODTRAC TYRES,,"",,"","","",suppli234er@gmail.com,26/284 MUSGRAVE ROAD,COOPERES PLAINS,QLD,4108,,,,,,,""
295,GOODYEAR ACACIA RIDGE,,"",,32721733,32737542,"","",CNR BRADMAN ST & BEAUDESERT RD,ACACIA RIDGE,QLD,4110,,,,,,,LUKE GREY
296,GOODYEAR AUTO CARE KINGAROY,,"",,41624922,41622089,"","",111 YOUNGMAN ST,KINGAROY,QLD,4610,,,,,,,JIM CHARLTON
297,GOODYEAR TYRE & RUBBER,,"",,"","","","",P.O. BOX 333,THOMASTOWN,VIC,3074,,,,,,,""
298,GOONDIWINDI TYRE SERVICE,,"",,46712577,46712279,"","",PO BOX 469,GOONDIWINDI,QLD,4390,,,,,,,PAUL
299,GORTON S HMK,,"",,32166899,32167160,"","",PO BOX 199,ARCHERFIELD,QLD,4108,,,,,,,""
300,GRILLS TYRE REPAIRS,,"",,"","","","",2 PURCELL ROAD SOUTHBROOK,"",QLD,4352,,,,,,,""
301,GT REPRODUCTIONS,,"",,"","","",suppli893er@gmail.com,PO BOX 14,SURREY HILLS,VIC,3127,,,,,,,""
302,HAMILTON TYRE & RUBBER CO P/L,,"",,"","","",supplier1@gmail.com,P.O. BOX 244,HAMILTON,QLD,4007,,,,,,,""
303,Highway Tyre Service,,"",,"","","",yatala@highwaytyres.com.au,"Factory 3, 91 Darlington Drive",Yatala,QLD,4207,,,,,,,""
304,HOGANS BATTERIES  & ACC,,"",,46624949,46324949,"","",42 WATER ST,TOOWOOMBA,QLD,4350,,,,,,,""
305,HY-WAY TRUCK ACCESSORIES,,"",,"",732751521,"",supplier2@gmail.com,1776 IPSWICH ROAD,ROCKLEA,QLD,4106,,,,,,,0732751488A/C2155
306,INDEPENDENT TYRE DISTRIBUTORS,,"",,"","","",supplier3@gmail.com,"","",QLD,"",,,,,,,""
307,JACKSON PARTS & INDUSTRIAL SUPPLIES,,"",,46691244,"","","",WARRAGO HIWAY,CHINCHILLA,QLD,4413,,,,,,,""
308,J. BLACKWOOD & SON LTD.,,"",,"","","","",TAYLOR STREET,TOOWOOMBA,QLD,4350,,,,,,,""
309,JOE SWALLING PAINTING SERVICE,,"",,"","","","",53 MARIAN  ST,MILES,QLD,4415,,,,,,,JOE 0429 879 647
310,J-TUNE AUTOMOTIVE,,"",,432063741,"","","",155 MCDOUGALL ST,TOOWOOMBA,QLD,4350,,,,,,,""
311,KEN MILLS TOYOTA,,"",,"","","",supplier4@gmail.com,89-91 RIVER ROAD,KINGAROY,QLD,4610,,,,,,,07 4162 2300
312,KURTZ TPT,,"",,33379955,33379956,"","",80 GRINDLE ROAD,ROCKLEA,QLD,4108,,,,,,,SID 46 274188   STEVE TWB 46 384020
313,KURTZ TRANSPORT PTY LTD,,"",,732777199,732743408,"","",P.O. BOX 386,ARCHERFIELD,QLD,4108,,,,,,,""
314,LINK INTERNATIONAL,,"",,33825000,33825050,"","",PO BOX 1165,YATALA,QLD,4207,,,,,,,GREG JENNER 0414 563 389     ACCOUNTCODEWT100
315,LISMORE TYRE COMPANY,,"",,266213040,266222254,"","",PO BOX 6211,LISMORE,NSW,2480,,,,,,,""
316,LOCKFAST LOCKSMITHS,,"",,"","","","",3/106 CUNNINGHAM STREET,DALBY,QLD,4405,,,,,,,STEVE 0419797364
317,LONGREACH TYRE SERVICE,,"",,46581207,46582371,"","",143 EAGLE ST PO BOX 125,LONGREACH,QLD,4730,,,,,,,JULIE
318,LOWNDES LAMBERT,,"",,"","","","",P.O. BOX 7065 RIVERSIDE CENTRE,BRISBANE,QLD,4000,,,,,,,""
319,LOXARNO PTY LTD,,"",,"","","","",T/A ALL MODELS SUPERCHRO 93-95 MALTA STREET,"",NSW,2163,,,,,,,""
320,LUDGATES CHARTERED ACCOUNTANTS,,"",,"","","","",P.O. BOX 93,TOOWOOMBA,QLD,4350,,,,,,,""
321,MARSHALL FREEMAN COLLECTIONS PTY LTD,,"",,7.5520970013003e+18,755762209,"","",P O BOX 192,WEST BURLEIGH,QLD,4219,,,,,,,www.marshallfreeman.com.au
322,MATILDA MATTING & SALES,,"",,738919966,733910355,"","",P O BOX 7467 6 OVEREND STREET,EAST BRISBANE,QLD,4169,,,,,,,www.matildamats.com.au
323,MCLEOD TYRES,,"",,"","","","",P.O. BOX 315,THOMASTOWN,VIC,3074,,,,,,,""
324,METROPOLITAN COLLECTION AGENCY,,"",,7.32572156325721e+16,732577203,"","",P O BOX 1533,NEW FARM,QLD,4005,,,,,,,""
325,MICK FAZZOLARI,,"",,"","","",supplier8@gmail.com,196 KNIGHT STREET,SHEPPARTON,VIC,3630,,,,,,,MICK
326,MOORAT HOTEL PTY LTD,,"",,746273137,746273397,"","",DAWSON STREET P O BOX 347,TAROOM,QLD,4420,,,,,,,""
327,MURRAY PURVES ELECTRIAL,,"",,746627705,746628367,"","",99 HEENEY STREET,CHINCHILLA,QLD,4413,,,,,,,""
328,NISSAN WRECKERS,,"",,"","","",supplieers@gmail.com,"","","","",,,,,,,""
329,NITRO TYRE,,"",,"","","","",13/135 KING STREET,SYDNEY,NSW,2000,,,,,,,TOM JONES
330,NOVUS AUTO GLASS,,"",,"",746389011,"",suppliers4@gmail.com,68 WATERS STREET SOUTH TOOWOOMBA,"","",4350,,,,,,,DAVID 0488 717 588          T/Wmba.46328448
331,OAKEY TYRERIGHT,,"",,46911378,46911328,"","",2 JOHM ST,OAKEY,QLD,4401,,,,,,,DANIEL AND TASH 0423 369774
332,OAMPS INSURANCE BROKERS LTD,,"",,33675243,33675123,"","",GPO BOX 1113,BRISBANE,QLD,4001,,,,,,,ANN
333,OPTUS COMMUNICATIONS,,"",,"","","","",G.P.O. BOX 4101,SYDNEY,QLD,1120,,,,,,,""
334,Oscar,,"",,"","","","","","","","",,,,,,,""
335,OUTBACK COUNTRY FIRST AID SUPPLIES,,"",,746283210,746283270,"","","""OURNIE"" 235 KABUNGA ROAD",WANDOAN,QLD,4419,,,,,,,""
336,OUTBACK TYRES,,"",,49841051,49841571,"","",23 ECLIPSE ST,SPRINGSURE,QLD,4722,,,,,,,""
337,OZCOM RECYLING PTY LTD,,"",,38145270,"",411877826,"",PO BOX 616 776-800 REDBANK PLAINS ROAD,REDBANK PLAINS,QLD,4301,,,,,,,FRED 0428 227 274
338,PEOPLE TELECOM,,"",,"","","","","","","","",,,,,,,1300 55 88 88  WEBSITE wwwpeopletelecom.com.au                   customernumber1030772
339,PETES TYRE REPAIRS,,"",,"","","","",21 MAIN STREET,MERINGANDAN,QLD,4352,,,,,,,""
340,POSITIVE BATTERIES,,"",,439363745,"","","",56 FERRT ST,MARYBOROUGH,QLD,4650,,,,,,,DOUG
341,Prolink,,"",,"","","","","","","","",,,,,,,""
342,Q EQUIP CLEANING EQUIPMENT,,"",,46323882,46394243,"","",PO BOX 1463,TOOWOOMBA,"",4350,,,,,,,""
343,QLD FLATPROOFING,,"",,"","","","","","",QLD,"",,,,,,,""
344,QUALITY TYRE DISTRIBUTORS P/L,,"",,"","","","",176 BONIFACE STREET,ARCHERFIELD,QLD,4108,,,,,,,""
345,QUEENSLAND TYRE & RETREADING,,"",,732751755,732770097,"","",P O BOX 1030,ARCHERFIELD,QLD,4108,,,,,,,""
346,RAW AUTOMOTIVE,,"",,428763649,"","","",26 NICHOLSON STREET,DALBY,QLD,4405,,,,,,,ROD
348,REWARD DISTRIBUTION,,"",,746327622,746385691,"","",12 PECHEY STREET P O BOX 768,TOOWOOMBA,QLD,4350,,,,,,,BRETT
349,RING TREAD BRISBANE PTY LTD,,"",,738129799,738129788,"","",1/54 BELAR ST,YAMANTO,QLD,4305,,,,,,,""
350,R J COUSINS,,"",,249514137,249517848,"","",P O BOX 237,BROADMEADOW,NSW,2292,,,,,,,RUSSELL          MOBILE   0428 688 357
351,ROB BROWN,,"",,"","","",suppliers5@gmail.com,UNIT 1/29 TOM THUMB AVE,SOUTH NOWRA,NSW,2541,,,,,,,""
352,Sample Corporation,,"",,"","","","","","","","",,,,,,,""
353,SCI-FLEET HINO PARTS,,"",,737222888,732912211,"","",150 FISON AVE WEST,EAGLE FARM,QLD,4009,,,,,,,""
354,SOUTHERN CROSS TELCO & MOBILE PTY LTD,,"",,"",1300363080,"","",G P O LOCKED BAG 3200,MELBOURNE,VIC,3001,,,,,,,1800 636 758     ACCOUNTNUMBER0304097100
355,SOUTH WEST FIRE PROTECTION,,"",,746689913,"","","",P O BOX 644,CHINCHILLA,QLD,4413,,,,,,,""
356,STEVE LUMLEY,,"",,32758711,32751448,"","",C/- DAMILER CHRYSLER P.O. BOX 141,MOOROOKA,"","",,,,,,,STEVE
357,STOCK ADJUSTMENT ACCOUNT,,"",,"","","","",ALL INVOICES TO THIS ACC MUST BE CLEARED TO $0.00,"",QLD,"",,,,,,,""
358,STW INDUSTRIES PTY LTD,,"",,"","","",supplie3rs@gmail.com,PO BOX 1055,KELMSCOTT DC,WA,6997,,,,,,,""
359,Sundry Supplier,,"",,"","","","","","","","",,,,,,,""
360,SUPERCHARGE BATTERIES PTY LTD,,"",,37118900,37118908,"","",128 GARDENS DRIVE,WILLAWONG,QLD,4110,,,,,,,""
361,Supercheap Auto Services,,"",,"","","","","","","","",,,,,,,""
362,TAROOM TYRERIGHT,,"",,"","","",suppliers12@gmail.com,19 YALDWIN ST,TAROOM,QLD,4420,,,,,,,""
363,TELSTRA,,"",,"","","","",G.P.O. BOX 9901,BRISBANE,QLD,9005,,,,,,,""
364,THE SHELL COMPANY AUSTRALIA LTD,,"",,"","","",supplier4s@gmail.com,P O BOX 1687P,MELBOURNE,VIC,3001,,,,,,,""
365,TITAN AUSTRALIA PTY LTD,,"",,"",350237200,738038300,suppliers55@gmail.com,38-42 TENTH STREET P.O.BOX 379,MILDURA,VIC,3502,,,,,,,HARRY LACH 0429 869 169   1300 791 672                0350230065-6-7BRIS0738038333
366,T.J. & M.A. HOLLAND,,"",,"","","","",11 LAWTON STREET,WANDOAN,QLD,4419,,,,,,,""
367,TOOWOOMBA ELECTROPLATERS,,"",,46324532,"","","",UNIT 3 /14 CIVIL COURT,TOOWOOMBA,QLD,4350,,,,,,,GAVIN
368,TOOWOOMBA EXPRESS COURIERS {STJ},,"",,46335277,"","","",41-45 INDUSTRIAL AVENUE,TOOWOOMBA,QLD,4350,,,,,,,TONY      DRIVER LORRIE   0428 69 6060
369,TOOWOOMBA GEARBOX & CLUTCH SERVICE,,"",,"",746323877,"",supplier44s@gmail.com,PO BOX 340 8 FITZGIBBON STREET,TOOWOOMBA,QLD,4350,,,,,,,4632 4335
370,TRANS WEST FUEL,,"",,746274233,"","","",P O BOX 159 ZUPP ROAD,WANDOAN,QLD,4419,,,,,,,""
371,TUFF TYRES,,"",,40353550,40353553,"","",PO BOX 340,GORDONVALE,QLD,4865,,,,,,,""
372,TUFF TYRES WINTON,,"",,46570700,46570711,"","",40 CHIRNSIDE ST PO BOX 91,WINTON,"",4735,,,,,,,DARREN
373,TYRE POWER CAIRNS,,"",,740510033,"","","",136 SPENCE STREET,CAIRNS,QLD,4870,,,,,,,""
374,TYREPOWER GIN GIN,,"",,41572186,41582972,"","",28 MILGRAVE ST,GIN GIN,QLD,4671,,,,,,,""
375,TYRE POWER TAROOM,,"",,46273436,46273030,"","",LOT 2 CLARKE STREET,TAROOM,QLD,4420,,,,,,,CHRIS
376,UNITED PETROLEUM DISTRIBUTORS,,"",,"",46912490,419126298,"",WARREGO HIGHWAY YULEBA,QLD,"",4427,,,,,,,PAT DEVLIN                     EVAN CLARRIS                     07-4627447507-46273468
377,WANDOAN NEWS,,"",,"","","","",P.O. BOX 21,WANDOAN,QLD,4419,,,,,,,""
378,WANDOAN NURSERY & HARDWARE,,"",,746274227,746274488,"","",MOORE STREET,WANDOAN,QLD,4419,,,,,,,""
379,WESTERN STAR TRUCK CENTRE,,"",,32775288,32751464,"","",1543 IPSWICH ROAD,ROCKLEA,QLD,4106,,,,,,,PARTS 37151888
380,WEST OF LEICHART FUEL,,"",,46620403,46620414,"","",8 LOUDOUN RD,DALBY,QLD,4405,,,,,,,""
381,WHEEL BOYZ,,"",,730888022,"","","",5-9 BUSINESS DRIVE,NARANGBA,QLD,4505,,,,,,,""
382,ZIMMS FUEL SUPPLIES,,"",,46993264,46300013,"","",11301 WARREGO HIGHWAY,GOWRIE MOUNTAIN,QLD,4352,,,,,,,""
383,Supplier #383,,,,,,,,,,,,,,,,,,""
385,TYRERIGHT,,,,,,,,,,,,,,,,,,""
386,BLACKWOODS,,,,,,,,,,,,,,,,,,""
387,Labour,,,,,,,,,,,,,,,,,,""
388,Repair,,,,,,,,,,,,,,,,,,""
389,Tyreright labour,,,,,,,,,,,,,,,,,,""
390,Tyreright,,,,,,,,,,,,,,,,,,""
391,MX Store,,378949,97 878 563 208,,,,,,,,,,,,,,,""
393,TEMPE TYRE & WHEEL CENTRE,,,,07 31883131,,,,994 Beaudesert Road,Coopers Plains,Queensland,4108,,,,,,,""
394,power tyre company,,,,0393570958,,,,37 Merri Concourse,Campbellfield,Victoria,3061,,,,,,,""
395,TREADCARE QLD PTY LTD,,,,,,0428114880,,"",,,,,,,,,,""
396,Clifton Motors,,,,,,,,,,,,,,,,,,""
397,J.K. BACKHOE HIRE PTY. LTD,,,,,,,,,,,,,,,,,,""
398,CAPRICORN,,049088-1,,,,,,"",,,,,,,,,,""
399,THE POWER SOURCE,,,,,,,,,,,,,,,,,,""
400,Baxters MTQ,,6_2,64163280279,1800621068,,,,39-43 Deans Court,Dandenong South,Victoria,3175,,,,,,,""
401,Black Truck & AG,,"",25582672638,07 4662 7286,,,lforman@blacktruckandag.com.au,55 Chinchilla Street,Chinchilla,Queensland,4413,,,,,,,""
402,Total Tyres,,,,,,,,,Brisbane City,,,,,,,,,""
403,Dobinsons,,,22751879972,07 4927 7444,,,admin@dobinsons.com,,,,,,,,,,,""
404,Wandoan Home Hardware,,,60635868389,07 4627 4227,,,wandoanhardware@outlook.com,,,,,,,,,,,""
405,Sparesbox,,,15168552323,,,,,,,,,,,,,,,""
406,Wheel & Tyre Shop Brisbane,,,,,,,,,,,,,,,,,,""
407,APC4WD,,,48169908481,"",,,,,,,,,,,,,,""
408,Equipit Group Pty Ltd,,,32164405609,07 3204 0311,,,sales@equipitgroup.com.au,16 Combarton Street,Brendale,QLD,4500,,,,,,,""
409,Truck Parts Warehouse,,,,,,,,,,,,,,,,,,""
410,Filter Discounters,,,,,,,,,,,,,,,,,,""
411,Marine Energy Systems,,,91490717085,07 5502 7771,,,sales@marineenergy.com.au,,,,,,,,,,,""
412,Brown and Hurley,,,6610732966,4690 7300,46907370,,twba.parts@brownandhurley.com.au,,,,,,,,,,,""
413,Mobile Energy Australia,,,98674578946,,,,,,,,,,,,,,,""
414,KJ BOLT,,,82109812633,07 5406 1223,,,admin@kjbolt.com.au,,,,,,,,,,,""
415,AFLO Equipment,,,,,,,,,,,,,,,,,,""
416,Country Trucker Caps,,,,,,,,,,,,,,,,,,""
418,Village Motors,,,11596874662,07 3883 0900,,3883 0997 - Parts,,,,,,,,,,,,""
419,Trailers R Us,,,21 165 656 664,07 3638 0131,,,sales@trailersrus.com.au,,,,,,,,,,,""
420,eBay,,,,,,,,,,,,,,,,,,""
421,ATOC Auto,,,,,,,,,,,,,,,,,,""
422,Auto Parts Supply,,,82164443083,07 5503 0169,,,,,,,,,,,,,,""
423,Western Truck Group,,,31624305353,(07) 46301977,,,parts@wtg.com.au,"",,,,,,,,,,""
424,Mick Tighe 4x4,,,29105143986,0746329782,,,sales@micktighe4x4.com.au,190 Herries Street,Toowoomba City,Queensland,4350,,,,,,,""
425,Winch World,,,,,,,,,,,,,,,,,,""
426,HXTR,,,,1300 820 214,,,sales@hxrt.com.au,2 Lions Park Drive,Yatala,Brisbane,4207,,,,,,,""
427,Gas Strut Australia,,,,,,,,,,,,,,,,,,""
428,OTR Australia,,,,,,,,,,,,,,,,,,""
429,NTL Tyres,,,38 615 685 008,,,,,,,,,,,,,,,""
430,Stabilus,,,49006366132,03 9552 1400,,,sales@au.stabilus.com,,,,,,,,,,,""
431,Jacks Diesel and Fabrication,,,94085317202,,,,,,,,,,,,,,,""
432,Phipps Mechanical Repairs,,,80874072362,07 4628 6351,,,,,,,,,,,,,,""
433,Westpoint Auto,,,21860305056,07 37105444,,,,,,,,,,,,,,""
434,TJM Toowoomba,,,85602416571,,,,,,,,,,,,,,,""
435,Pedders Toowoomba,,,31163056960,07 4639 4525,,,,8 Wylie Street,Toowoomba City,Queensland,4350,,,,,,,""
436,Country Suspensions Parts and Lubricants,,,78660149306,,,,,,,,,,,,,,,""
437,ATV Store,,,,,,,,,,,,,,,,,,""
438,TOOWOOMBA FORD,,,99608791804,07 46709500,,,"",186 Herries Street,Toowoomba City,Queensland,4350,,,,,,,""
439,AR Stevens Jones,Arron Jones,,83641380408,,,0418601063,arronjones78@hotmail.com,PO Box 72,Taroom,Taroom QLD,4420,,,,,,,""
440,ITR Pacific,,"",75122293065,+61738079188,,,accounts@itrpacific.com.au,,,,,,,,,,,""
441,VCV Australia,,,27000761259,(07) 3710 3710,,,www.vcvbrisbane.com.au,41 Bivouac Place,Wacol,Queensland,4076,,,,,,,""
442,Power Crank,,WAN001,68092577412,07 32770444,,,qldsales@powercrank.com.au,29 Collinsvale Street,Rocklea,Queensland,4106,,,,,,,""
443,Corbets Parts & Industrial,,TYRE02,73644033518,07 5329 5861,,,info@corbets.com.au,,Gympie,QLD,4570,,,,,,,""
444,Armstrong Motor Group,,514139,66010742622,07 4638 5455,,,parts@armstrongauto.com.au,78 Neil Street,Toowoomba City,Queensland,4350,,,,,,,""
445,Maxi Parts,,,76110786215,07 3875 8600,,,,18 Macgregor Place,Richlands,Queensland,4077,,,,,,,""
446,Findlay Import & Trade,,,8042859184,07 3831 1300,,0400706664,,56 Hawkins Crescent,Bundamba,Queensland,4304,,,,,,,""
447,process systems,,,,,,,,,,,,,,,,,,""
448,Southcott,,,27007870662,08 8228 2411,,,,243 Halifax Street,Adelaide,South Australia,5000,,,,,,,""
449,Extra Mile Auto Parts,,,,,,,,5 Berends Drive,Dandenong South,Victoria,3175,,,,,,,""
450,Partspro Pty Ltd,,,68663908941,02 9743 7788,,,cspartspro.com.au,18 Cutler Road,Lansvale,New South Wales,2166,,,,,,,""
451,Autocable & Accessories,,"",26514107967,07 31624888,,,sales @autocable.com.au,29 Collinsvale Street,Rocklea,Queensland,4106,,,,,,,""
452,Wide Bay Hydraulics,,,69101615347,0754824122,,,,11 Tozer Street,Gympie,Queensland,4570,,,,,,,""
453,Gympie Oil and Gas,,,35011019060,0754822695,,,,15 Station Road,Gympie,Queensland,4570,,,,,,,""
454,McINTOSH &SON,Anthony,083195911,50083195911,0746622288,,0427382606,dalby@mcson.com.au,17563 Warrego Highway,Dalby,Queensland,4405,,,,,,,""
455,South Side Toyota,,,46651942264,07 3008 6411,,,toyota@southsidetoyota.com.au,33 Jurgens Street,Woolloongabba,Queensland,4102,,,,,,,""
456,Keating Bros Hardware,,,28100938403,07 46689994,,,,15 Warrego Highway,Chinchilla,Queensland,4413,,,,,,,""
457,Nutrien,,,73008743217,07 4627 4433,,,,22 Zupp Road,Wandoan,Queensland,4419,,,,,,,""
458,Cooroy Auto Wreckers & Engine Centre,,,79506738200,07 54476033,,,,178 Cooroy Mountain Road,Cooroy,Queensland,4563,,,,,,,""
459,Black 4x4 & Tyre,,,,,,,,,,,,,,,,,,""
460,Industrial Fittings Sales,,,23010876543,07 38483811,,,sales@ifsqld.com.au,17 Medway Street,Rocklea,Queensland,4106,,,,,,,""
461,Powell Industrial Pty Ltd,,,36010035346,07 37223722,,,brissales@powellindustrial.com.au, Postle Street,Coopers Plains,Queensland,4108,,,,,,,""
462,Porter Equipment Australia Pty Ltd,,,94150961934,134232,,,accounts.rec@portergroup.com.au,"",Archerfeild,QLD,4108,,,,,,,""
463,Pirtek,,"",79651122217,07 32779935,,,,1620 Ipswich Road,Rocklea,Queensland,4106,,,,,,,""
464,Custom Built Tuff Trailers,,"",49070085219,07 38030232,,,,36-42 Magnesium Drive,Crestmead,Queensland,4132,,,,,,,""
465,United Fasteners QLD Pty Ltd,,,95088483863,07 37130911,,,, Boundary Road,Richlands,Queensland,4077,,,,,,,""
466,Tool Kit Depot,,,26008672179,(07) 54803300,,,gympie@toolkitdepot.com.au,2 Hall Lane,Gympie,Queensland,4570,,,,,,,""
467,Bunnings,,,,,,,,267 Ruthven Street,Toowoomba City,Queensland,4350,,,,,,,""
468,Tyrepoint Trading,,,,,,,,169 Bradman Street,Acacia Ridge,Queensland,4110,,,,,,,""
469,Direct Wholesale Supplies LTD,,,,,,,,675 MacArthur Avenue Central,Pinkenba,Queensland,4008,,,,,,,""
470,autobarn toowoombah,,,97380882278,07 4639 3244,,,sales@toowoomba.autobarn.com.au,655 Ruthven Street,South Toowoomba,Queensland,4350,,,,,,,""
471,Cool Drive,,,,07 3277 9100,,,acaciaridge@cooldrive.com.au,64 Colebard Street East,Acacia Ridge,Queensland,4110,,,,,,,""
472,Sydney Tools Pty Ltd,,,19112852285,07 37365070,,,toowoomba@sydneytools.com.au,393-403 Taylor Street,Wilsonton,Queensland,4350,,,,,,,""
473,The Landscape Store,,"",67651999576,(02) 9161 3939,,,,44 Dickson Avenue,Artarmon,New South Wales,2064,,,,,,,""
474,CAPS Australia Brisbane,,,,07 3736 4200,,,,51 Fulcrum Street,Richlands,Queensland,4077,,,,,,,""
475,Tyrewise Forest Glen,,,67644416259,07 54937155,,,,1 Gibbins Way,Chevallum,Queensland,4555,,,,,,,""
476,Capricorn 4x4 and Outdoors,,,,07 4921 2249,,,,37 Queen Elizabeth Drive,Berserker,Queensland,4701,,,,,,,""
477,Acu-Tech Piping Systems,,,,07 31855583,,,,42 River Road,Redbank,Queensland,4301,,,,,,,""
478,MiMotion,,,,07 3713 9900,,0413 620 654,,55 Bernoulli Street,Darra,Queensland,4076,,,,,,,""
479,Keith Crawleys Industrial and Rural Supplies,,,,07 4662 7415,,,,80-82 Warrego Highway,Chinchilla,Queensland,4413,,,,,,,""
480,Statewide Bearings,,,52009071103,(07) 3717 4444,,,,902 Beaudesert Road,Coopers Plains,Queensland,4108,,,,,,,""
481,AL-KO International Pty Ltd,,,96003066813,07 3386 6300,,,,13 Union Circuit,Yatala,Queensland,4207,,,,,,,""
482,Gadget City,,,,02 98630668,,,,161 Woodville Road,Villawood,New South Wales,2163,,,,,,,""
483,Decked Out Auto,,,50625119931,07 46383930,,,admin@deckedoutauto.com.au,6 Production Court,Wilsonton,Queensland,4350,,,,,,,""
484,Freight company,,,,,,,,,,,,,,,,,,""
485,GCM agencies PTY.LTD,,,,PH (02) 9457 8333,,,paul@gcmagencies.com.au,5 Mundowi Road,Mount Kuring-gai,New South Wales,2080,,,,,,,""
486,Beenleigh Auto Dismantling,,,76877411774,07 33826466,,,,101 Logan River Road,Beenleigh,Queensland,4207,,,,,,,""
487,NPC Performance Clutches,,,,0734203446,,,,,,,,,,,,,,""
488,NTAW,Athol,TRWANDTAR,51 159 029 357,1800 002 493,,0449255303,ar@ntaw.com.au,75 Australand Drive,Berrinba,Queensland,4117,,,,,,,""
489,Access Technology,,53101879869,,08 9446 4433,,,,40 Collingwood Street,Osborne Park,Western Australia,6017,,,,,,,""
490,M&J Auto Solutions Chinchilla,,,,,,0499227626,,,,,,,,,,,,""
491,Tyreright West Melbourne,,,83609379419,03 9687 8000,,,admin@doubled.tyreright.com.au,702-714 Footscray Road,West Melbourne,Victoria,3003,,,,,,,""
492,KD Moto,,,,(07) 5482 2776,,,,46 Violet Street,Gympie,Queensland,4570,,,,,,,""
493,Kingaroy Hydraulic Sales & Service,,,89066375237,07 4162 1551,,,,2-6 Industrial Avenue,Kingaroy,Queensland,4610,,,,,,,""
494,Wippells Autos,,,,07 4631 9999,,,,169/181 Herries Street,Toowoomba City,Queensland,4350,,,,,,,""
